Time_min,ReactorTemp,Pressure_bar,Volume_m3,Agitator_Speed_rpm,Coolant_Flow_m3_s,Feed_Flow_m3_s,Coolant_delatT_K,fault_type
0.0,314.53221432835704,1.2,6.869399428026692,800,0.0,0.0,5.077143200000023,0
0.5,314.8497124801453,1.2152185154058588,6.9009762207943695,800,0.0550548984498532,0.0002599368498731,8.388683228571438,0
1.0,316.0336659119314,1.239952897540097,6.933023492371002,800,0.4294117265268034,0.0005270272271037,11.379812806802704,0
1.5,315.7779568200557,1.2693028422638304,6.9651405487129345,800,0.7441172898400943,0.0007256442398985,14.08108758710722,0
2.0,315.5337621838602,1.3002953590254094,6.997110308099147,800,0.8839764312184262,0.0008605476450371,16.519992540716032,0
2.5,317.13771881816217,1.331765841738732,7.029336133024573,800,1.0,0.0009518336470069,15.426475641600234,0
3.0,317.55934554223444,1.3633003809312427,7.061682712264869,800,1.0,0.0010123057026878,15.89537209478118,0
3.5,317.7954496172409,1.394853136175528,7.094153572741377,800,0.9988415359404604,0.0010428698272766,18.140563961944903,0
4.0,318.11787178822345,1.4250468172969537,7.125502029625002,800,0.992248744989782,0.0010515490152444,20.166929117950133,0
4.5,318.6190467429898,1.454861423446526,7.158041445781988,800,1.0,0.0010591152907046,21.995525192431103,0
5.0,319.6412926139173,1.477430711723263,7.189908602807292,800,0.9997345637176372,0.0010598360839862,23.64497330743768,0
5.5,319.2020897409121,1.4887153558616315,7.222240594376247,800,0.9882322111149632,0.0010736765628181,24.884455240062664,0
6.0,319.80103623499747,1.494357677930816,7.254417095308767,800,0.9923203312481385,0.0010743350153033,24.439170807675737,0
6.5,319.6217947158814,1.497178838965408,7.286411974740224,800,1.0,0.0010721224468983,25.837389940278054,0
7.0,320.2339125520158,1.498589419482704,7.318474153218583,800,1.0,0.0010759962047199,27.097455650727795,0
7.5,319.6557017052374,1.499294709741352,7.350667513810071,800,1.0,0.0010717262086502,28.23231756018231,0
8.0,320.55225085523847,1.499647354870676,7.382525344754541,800,1.0,0.0010728826024,27.136969344926857,0
8.5,320.6960474096909,1.499823677435338,7.414532951428833,800,0.991390926638356,0.0010718791606649,25.582786340648113,0
9.0,320.3880605321738,1.499911838717669,7.446688905720378,800,1.0,0.0010627235036197,26.841997422491147,0
9.5,321.5522596389768,1.4999559193588343,7.478320135796377,800,1.0,0.0010570229134824,27.976688553682493,0
10.0,321.8059925899581,1.4999779596794172,7.510405147205726,800,0.9877462909022684,0.0010526749738685,27.821305767617503,0
10.5,321.8317704351614,1.4999889798397086,7.542497702099532,800,1.0,0.0010524798613673,27.615999599272985,0
11.0,322.43742580708016,1.4999944899198543,7.574371282782615,800,1.0,0.001053871914449,28.658417008866024,0
11.5,322.73790204008617,1.499997244959927,7.606745187624733,800,0.9924438369025644,0.0010628493459792,29.596801474688338,0
12.0,322.4191380247141,1.4999986224799635,7.638957728373626,800,0.9700155469885148,0.0010742583414823,30.44094867709896,0
12.5,323.5498798028126,1.4999993112399816,7.671528470355963,800,0.9798317943730086,0.0010784629510256,29.243059726899048,0
13.0,323.6573739172169,1.4999996556199908,7.703549361013078,800,1.0,0.0010814824464983,30.108993610051527,0
13.5,323.4719275592144,1.4999998278099955,7.7358710733484415,800,1.0,0.0010806884579964,30.88762998052283,0
14.0,324.4577114488407,1.4999999139049978,7.767978089793512,800,1.0,0.0010734857832419,31.587412306187332,0
14.5,324.37607584989485,1.4999999569524989,7.800273548748656,800,0.99393100308841,0.0010758673541802,32.21593671512187,0
15.0,323.91099566752155,1.4999999784762494,7.832524933530568,800,1.0,0.0010709316336631,32.779895323205494,0
15.5,324.54296643745124,1.4999999892381246,7.865021178549843,800,0.9888257505806984,0.0010783210903034,33.28553079718591,0
16.0,324.1743823380436,1.4999999946190623,7.897007230375243,800,1.0,0.0010700735870304,32.622928359358696,0
16.5,324.4776389575315,1.4999999973095313,7.929287931941058,800,0.9971392911802256,0.0010659962620556,33.13237361084833,0
17.0,325.17306214526326,1.4999999986547656,7.961015040009048,800,1.0,0.0010595146399312,33.58863383838661,0
17.5,325.59013140168986,1.499999999327383,7.993242153732145,800,1.0,0.0010630449982315,33.99671039663548,0
18.0,326.00045739943494,1.4999999996636917,8.02518877396591,800,1.0,0.0010625432675036,32.597848235051174,0
18.5,325.3504682039145,1.4999999998318456,8.057381246285178,800,0.9960564210919132,0.0010605983619501,29.97682870790345,0
19.0,326.4146207786379,1.4999999999159228,8.089540927884764,800,0.9943151046541168,0.0010696897190454,30.916970116674577,0
19.5,326.2343299077587,1.4999999999579614,8.12169624677862,800,0.995971904572083,0.0010680280251593,31.762548562705547,0
20.0,326.7953556286239,1.4999999999789808,8.153489513867404,800,0.9941661497737032,0.0010684724012325,32.522610413876464,0
20.5,326.43171554916046,1.4999999999894904,8.186132825027169,800,1.0,0.0010677766441194,33.20517986017393,0
21.0,326.7008138492853,1.499999999994745,8.21806266853766,800,1.0,0.0010728129834781,30.522597502062126,0
21.5,326.5626592197326,1.4999999999973723,8.250385646681103,800,1.0,0.0010694311612387,29.55376806377052,0
22.0,326.42417894968946,1.4999999999986864,8.28276396724228,800,0.9997419054980252,0.0010681203438323,30.498160314839993,0
22.5,327.3076737571174,1.4999999999993432,8.314914136038084,800,0.9998999397035676,0.0010677471191148,31.347611532474275,0
23.0,327.40362092337057,1.4999999999996716,8.347284122901263,800,1.0,0.0010606909615915,32.11138071033389,0
23.5,326.87414267180543,1.4999999999998357,8.379375221496677,800,1.0,0.0010607624048963,32.79741401411161,0
24.0,328.05974113909446,1.4999999999999178,8.411080354930284,800,1.0,0.0010630686763538,33.16523492705335,0
24.5,328.08909001433994,1.499999999999959,8.442979541997925,800,0.9952623056223971,0.0010559656538264,31.931304810191136,0
25.0,328.0489995661037,1.4999999999999796,8.475026528737715,800,1.0,0.0010569367797139,32.6159873711253,0
25.5,328.1446427750769,1.4999999999999898,8.506369101989836,800,0.9921778563827915,0.0010492374968422,33.23047237387527,0
26.0,328.07153996814196,1.499999999999995,8.538198992309617,800,0.9926165989903812,0.0010576204290084,33.781237452553796,0
26.5,328.99333047074333,1.4999999999999971,8.569977368044025,800,0.994618595759039,0.0010588721877635,32.157420676120125,0
27.0,328.1243427922548,1.499999999999999,8.602278362625514,800,1.0,0.0010627287523094,30.125099449822983,0
27.5,328.82665031099185,1.4999999999999991,8.634750824404577,800,1.0,0.0010642568143243,30.95170928317316,0
28.0,328.98838097050856,1.4999999999999996,8.667343905192812,800,1.0,0.0010652125708063,31.69499928477569,0
28.5,329.2247151686261,1.4999999999999998,8.699585858965394,800,0.9963204235364808,0.001077532499677,31.185491667177985,0
29.0,329.60259107296423,1.5,8.732419654263408,800,0.9841678480322946,0.0010805390826845,30.659786841732455,0
29.5,329.3108915378164,1.5,8.76456931051801,800,0.9960659578883384,0.0010720023239767,31.41231975204363,0
30.0,329.6351815723388,1.5,8.796620837398931,800,1.0,0.0010674643114721,32.088427766134714,0
30.5,329.7759561321428,1.5,8.828691420558545,800,0.9938573663549628,0.0010637083641767,32.69527722650281,0
31.0,330.58722760148584,1.5,8.860982771478874,800,0.9966196976086116,0.0010665743283769,31.28269031921684,0
31.5,330.0571474354732,1.5,8.892673110974982,800,1.0,0.0010607245632377,31.95437366976762,0
32.0,329.83263080951025,1.5,8.925357313769668,800,1.0,0.0010592696072643,32.55725955836118,0
32.5,329.5458319574251,1.5,8.957443957818542,800,0.9851728486756572,0.001064621178835,33.098029543279154,0
33.0,330.2375311898086,1.5,8.98958868791422,800,0.9782824122697024,0.0010774114905899,33.58268564391926,0
33.5,330.3130254020152,1.5,9.0216302757337,800,1.0,0.0010726761168034,34.01647768735552,0
34.0,329.8200300758425,1.5,9.053828364245028,800,1.0,0.001071129603456,34.40434341236926,0
34.5,330.3067172938251,1.5,9.085899070796446,800,0.97895154871051,0.0010666918910384,33.63518739214362,0
35.0,330.7329986275628,1.5,9.118228492544798,800,0.9870035191404224,0.0010669013978235,34.048227021463276,0
35.5,330.23509549321915,1.5,9.150358947252396,800,1.0,0.0010671269489999,34.41726311465726,0
36.0,330.6297138314841,1.5,9.182232047314235,800,0.997222449434262,0.0010629652221079,34.74642259897564,0
36.5,331.2574531770588,1.5,9.214215114027484,800,0.995490067987098,0.0010689681263824,33.276159275263694,0
37.0,330.36854111767025,1.5,9.247125072815663,800,1.0,0.0010792080229083,30.59053869666718,0
37.5,331.25258778262554,1.5,9.27957328756399,800,1.0,0.0010861879645256,31.472231535079857,0
38.0,330.45893856716566,1.5,9.311717250895615,800,1.0,0.0010953888158964,32.26492794126273,0
38.5,331.77200347534927,1.5,9.34406568456817,800,1.0,0.0010849290520811,32.97714413733297,0
39.0,331.7542242967858,1.5,9.376443787236338,800,1.0,0.0010913851960598,33.616424657587004,0
39.5,331.85127734520137,1.5,9.40852893027144,800,1.0,0.0010850414040845,30.894676128292986,0
40.0,331.61421036876226,1.5,9.440613171924102,800,1.0,0.0010787917129809,29.890410630360293,0
40.5,331.5616538374564,1.5,9.472779160375469,800,0.9971881194341488,0.0010826594536135,30.802741684611703,0
41.0,331.46445429583946,1.5,9.505409559662397,800,1.0,0.0010855893229987,31.62318515274393,0
41.5,332.03576809058495,1.5,9.537683594134553,800,1.0,0.0010858900558803,32.36070922391116,0
42.0,332.7302111575485,1.5,9.570052095664275,800,1.0,0.0010860618613819,33.022996954967255,0
42.5,332.05735928519675,1.5,9.60193909380006,800,1.0,0.0010840482862225,33.36933377830371,0
43.0,332.34032743192734,1.5,9.63405919987723,800,0.9984229881204636,0.0010742864722825,32.115965675608095,0
43.5,331.9707708961759,1.5,9.666332791727928,800,1.0,0.0010658227538214,32.783061487454916,0
44.0,331.4247056820654,1.5,9.698673037883728,800,0.9917564617104364,0.0010606212172891,33.38163466960208,2
44.5,332.4184023009274,1.5,9.73099679106989,800,1.0,0.0010675244473964,33.91800333916376,2
45.0,332.43960692410195,1.5,9.762819563034942,800,1.0,0.0010754336069494,32.281161240195786,2
45.5,332.6670235394352,1.5,9.79489275786307,800,1.0,0.0010807338079629,30.2370551982724,2
46.0,337.75299761299834,1.45,9.827195146121952,800,0.9989326730903976,0.0013618754062256,31.05300257938933,2
46.5,340.3637410119539,1.4258474576271185,9.859524042373412,800,1.0,0.0016429631406755,31.78664560039988,2
47.0,341.94421779037515,1.4146186440677964,9.891776219004411,800,1.0,0.0018550366620004,31.26840976226657,2
47.5,343.4372312591561,1.409851694915254,9.923758400805877,800,1.0,0.0019981094361536,30.734807975384054,2
48.0,343.06268130397837,1.4083156779661017,9.955755642711324,800,1.0,0.0020894350164162,31.48019601582365,2
48.5,344.77216510564637,1.408395127118644,9.988082147848656,800,1.0,0.0021462635895812,32.14983962384048,2
49.0,345.03024283576,1.409282309322034,10.020270173620895,800,0.9948137296898742,0.0021815319541212,32.750840335855685,2
49.5,345.8186448582298,1.4105733580508475,10.052186111521412,800,1.0,0.0022038643618106,31.332961703869444,2
50.0,346.94950982535744,1.4120663400423727,10.084393311212915,800,0.9940569158502466,0.0022186508648057,31.999857303500903,2
50.5,357.4459237291148,1.413660288665254,10.115913028407736,800,1.0,0.0022291254523192,32.59841141745318,2
51.0,363.0952760842419,1.4153047206038134,10.148107056151538,800,0.991075192061688,0.0022371746005245,33.13526217769572,2
51.5,366.0003091583671,1.4169743942002118,10.180237431715204,800,1.0,0.0022438762882922,33.61637231315325,2
52.0,367.4708315106219,1.4186566886255296,10.212187743856534,800,1.0,0.0022498368754492,34.046956102376726,2
52.5,368.25694249766343,1.4203452934653071,10.244502875071982,800,0.9821361292689808,0.0022553932271049,34.43191912119801,2
53.0,369.2670406666901,1.4220370535123146,10.276226594513668,800,1.0,0.0022607306184121,33.66013684298866,2
53.5,369.6684830133277,1.4237303911629369,10.308062718862764,800,0.9930394415776,0.002265950108246,34.07080033413257,2
54.0,368.60808981091935,1.4254245176153666,10.339658417321086,800,0.9866531651881472,0.0022711064366938,34.43768658802469,2
54.5,361.0154670121811,1.4271190384687005,10.371679869838824,800,0.999869928346544,0.0022762290791238,34.76490097964137,2
55.0,357.11541455543994,1.4288137565224857,10.403859759283204,800,0.990713320750933,0.0022813338258826,33.29287781015171,2
55.5,355.3433510108475,1.430508573176497,10.436027998660627,800,0.9874514517730656,0.0022864290984745,30.605664990137257,2
56.0,354.8186418084529,1.4322034391306215,10.46730225411914,800,0.988383130928613,0.0022915193708174,31.485917229171832,2
56.5,355.0300122962038,1.4338983297348022,10.4998661544569,800,1.0,0.002296607011453,32.277310235917355,2
57.0,355.2337886535374,1.4355932326640113,10.531984791125796,800,0.997143356781921,0.0023016932704435,32.988347165829964,2
57.5,356.0956287701328,1.4372881417557344,10.563661961873068,800,0.983492100495575,0.0023067788057159,33.62656073098901,2
58.0,356.5764325948324,1.4389830539287147,10.595943056253256,800,1.0,0.0023118639626813,30.90384686137099,2
58.5,357.19508448021537,1.4406779676423236,10.628014252794395,800,0.986457065992054,0.0023169489222692,29.89870796028805,0
59.0,357.1467806164592,1.4423728821262465,10.660171049442951,800,0.9930574218892704,0.0023220337790565,30.810248792641573,0
59.5,357.866466289526,1.4440677969953266,10.691723541128384,800,1.0,0.0023271185823875,31.62997729810428,0
60.0,358.9482005825092,1.4457627120569854,10.723654720532776,800,0.9930369276086216,0.0023322033579623,32.36685449828485,0
60.5,358.4951472351473,1.447457627214933,10.755892402502,800,0.987791345218895,0.0023372881191451,33.02855696511489,0
61.0,359.8606969395332,1.449152542421026,10.78811362154834,800,0.91405763921324,0.0023423728728749,33.374364263675375,0
61.5,360.07033210182203,1.450847457651191,10.82000367128304,800,0.8181471045243343,0.0023474576227496,32.12051706713487,0
62.0,360.91683260923,1.452542372893392,10.85196819867997,800,0.9491393938817042,0.0023525423706326,32.78717941312203,0
62.5,361.4271055956726,1.4542372881416112,10.883957428776206,800,0.9726051372127116,0.0023576271174875,33.38536041187234,0
63.0,362.1154602471281,1.4559322033928397,10.915923521528768,800,0.8296899928510605,0.0023627118638124,33.921374248836855,0
63.5,362.6354058620254,1.4576271186455725,10.947939982066304,800,0.8291569611936191,0.0023677966098643,32.28421111085237,0
64.0,363.6200722473168,1.4593220338990571,10.979841462432034,800,0.7988003913140228,0.0023728813557755,30.239814605056893,0
64.5,364.1390554417907,1.4610169491529184,11.01183259677402,800,0.72140897049642,0.0023779661016146,31.05549918552765,0
65.0,364.6182856160301,1.4627118644069677,11.04419153419733,800,0.6702796881621166,0.0023830508474164,31.788904434525023,0
65.5,365.4208325751529,1.4644067796611109,11.07667389160438,800,0.4865611520201971,0.0023881355931992,31.270453469332153,0
66.0,366.19381108169904,1.4661016949153012,11.10868552526429,800,0.4942174766786166,0.0023932203389722,30.736657043681475,0
66.5,366.60364356146016,1.467796610169515,11.140359014120586,800,0.4538867667979278,0.0023983050847402,31.4818689823785,0
67.0,366.58813476401417,1.4694915254237406,11.172750957465691,800,0.1602151495503497,0.0024033898305056,32.15135326024722,0
67.5,367.8110573306906,1.471186440677972,11.204746502346357,800,0.1122271485669191,0.0024084745762697,32.752209816414165,0
68.0,368.7801922650327,1.4728813559322065,11.236904669990242,800,0.064582649360123,0.0024135593220331,31.33420075770806,0
68.5,368.970472509689,1.474576271186442,11.268093549034012,800,4.671565412337103e-05,0.0024186440677962,31.63740464786042,0
69.0,369.93305472751376,1.4762711864406786,11.299916802922969,800,0.0171366024333955,0.0024237288135591,28.96425252039603,0
69.5,370.3904500505534,1.4779661016949155,11.331784252631524,800,0.0017836977766127,0.0024288135593219,28.359122073642084,0
70.0,370.9105740023224,1.4796610169491526,11.364147235469224,800,0.0119554160187119,0.0024338983050846,26.142991793883425,0
70.5,371.6288556152839,1.4813559322033898,11.396225464464935,800,0.1037503636861756,0.0024389830508474,23.712918858351713,0
71.0,370.0614237499244,1.4830508474576272,11.428297201691931,800,0.0489672457257299,0.0024440677966101,21.584222228237024,0
71.5,370.1155154103691,1.4847457627118643,11.460525936999234,800,0.0,0.0024491525423728,22.89942681387663,0
72.0,369.62034884994864,1.486440677966102,11.49278259530664,800,0.0011189537728209,0.0024542372881355,23.479776973309924,0
72.5,368.8805339611671,1.488135593220339,11.525573999339857,800,0.0174281849582268,0.0024593220338983,21.59764699374273,0
73.0,369.6268699646933,1.4898305084745762,11.557742303710455,800,0.002227724417181,0.002464406779661,21.491116292819697,0
73.5,368.5627787985298,1.4915254237288136,11.58954273791122,800,0.0226380896928785,0.0024694915254237,19.717078500675655,0
74.0,369.2683520879871,1.493220338983051,11.621054853396696,800,0.006673779625364,0.0024745762711864,18.699503873650315,0
74.5,368.6019951885275,1.4949152542372883,11.653252464302644,800,0.0,0.0024796610169491,20.372902719948456,0
75.0,369.0503966368969,1.4966101694915257,11.685153304074976,800,0.0891850494291691,0.0024847457627118,18.50623715430072,0
75.5,369.0394074848891,1.4983050847457626,11.717023872081098,800,0.0,0.0024898305084745,20.23251062200194,0
76.0,369.03966319893846,1.499152542372881,11.748713396825927,800,0.0,0.0021353319678038,21.81665447084498,0
76.5,368.24964576644146,1.4995762711864409,11.780392157858088,800,0.0151130266097357,0.0017795697882068,20.152033659859455,0
77.0,369.75077624226066,1.4997881355932203,11.81230586842902,800,0.0631532647105587,0.0015065293675305,18.33647949708512,0
77.5,369.0310386520408,1.4998940677966102,11.844567064452082,800,1.0509434348976008,0.0013318678053232,16.673409995693987,0
78.0,369.2041778376465,1.4999470338983052,11.876948605408383,800,0.97,0.0012283769808672,18.652694941326217,0
78.5,368.9885429364546,1.4999735169491526,11.909020807802303,800,0.97,0.001160295648036,20.454604090391683,0
79.0,368.7862827511403,1.4999867584745763,11.9410474506871,800,0.9787671077147112,0.0011245914369651,19.214954543423858,0
79.5,369.7140081122651,1.499993379237288,11.973078279221044,800,0.97,0.0011014990906001,20.988252824265373,0
80.0,369.03975273380354,1.499996689618644,12.005457034875416,800,0.97,0.0010841675279251,22.620199112255477,0
80.5,369.3891644438654,1.499998344809322,12.037539063840743,800,1.0155581849189097,0.0010760872625569,20.61478002947831,0
81.0,368.60434014011,1.499999172404661,12.070343458369551,800,1.0725180756689,0.0010739822013072,18.71608822273043,0
81.5,369.0677633680189,1.4999995862023303,12.1023946301177,800,0.9803397563047632,0.0010749180711543,17.550336520734675,0
82.0,369.22546312940494,1.4999997931011653,12.13471945733173,800,0.97,0.001072031215635,19.556173664579433,0
82.5,368.9983201002071,1.4999998965505823,12.166830324992366,800,0.97,0.0010672975618249,21.39069815669484,0
83.0,368.5742390180548,1.4999999482752913,12.199068135647831,800,0.9956019796205532,0.0010717624756246,19.611087981756555,2
83.5,368.74149650780936,1.4999999741376455,12.231195354479103,800,0.9725612849111206,0.0010748859590246,19.722638179900457,2
84.0,369.159649074292,1.4999999870688228,12.262896126019752,800,0.97,0.0010659345098523,21.576821961307985,2
84.5,368.8162725213111,1.4999999935344115,12.295323096553142,800,0.979251021803428,0.0010691239491132,20.209917436263765,2
85.0,369.4835464697878,1.4999999967672055,12.327497258537267,800,0.9742483280830786,0.001071438333999,19.629924995920135,2
85.5,368.66467078870545,1.4999999983836028,12.359370258651005,800,0.980275243736532,0.0010680252860148,33.40610983829271,2
86.0,368.83175163860994,1.4999999991918014,12.39129978661234,800,0.9731957137863094,0.0010748316497604,33.3535942812635,2
86.5,368.97060672198535,1.4999999995959006,12.42332025742724,800,0.9904092483057692,0.0010711045788557,31.936919609607116,2
87.0,369.14430920318694,1.4999999997979503,12.455295779816275,800,0.9726369567657278,0.001065743454558,32.25539946433241,2
87.5,369.6064225031254,1.499999999898975,12.48731459574032,800,0.9769300324178882,0.0010686764610833,31.523282046106715,2
88.0,368.9528170223022,1.4999999999494875,12.519664178031867,800,0.9726891813725148,0.0010739648289176,31.85971690856701,2
88.5,369.0843649711561,1.4999999999747438,12.55181018328564,800,0.97,0.001071754148856,34.08661223441413,2
89.0,369.09999987004903,1.499999999987372,12.583621283914052,800,0.988828270735394,0.001062008833554,32.63193882739546,2
89.5,369.1057887291917,1.499999999993686,12.616074548581365,800,0.972850484352615,0.0010677884306648,32.872905762951746,2
90.0,369.18433797844494,1.499999999996843,12.64809547212948,800,0.97,0.0010752143300576,35.06038197929894,2
90.5,368.6365651298016,1.4999999999984217,12.67973288632322,800,0.97,0.0010753903883481,37.0720244071548,2
91.0,369.12102133808816,1.4999999999992109,12.711646634005096,800,0.97,0.0010700909617682,38.909670424650585,2
91.5,368.371987131285,1.4999999999996054,12.743953977100151,800,1.0251076568053683,0.0010719437856105,36.76638631523207,2
92.0,360.79346124063886,1.4899999999998026,12.775858943456608,800,1.013199088396365,0.0012544210451685,34.87060089586231,2
92.5,356.3959730452862,1.4864406779660029,12.808051016078414,800,0.97,0.0014372825563929,36.93565883800386,2
93.0,355.4955245700033,1.4861016949152048,12.840079991599852,800,0.981831234244311,0.0015753722103551,35.44563120881372,2
93.5,355.3657880386466,1.4873728813559075,12.872060705285596,800,0.97,0.0016685939441382,37.49826947564355,2
94.0,354.05610547592744,1.4894491525423603,12.904017416265102,800,0.97,0.0017281407220579,39.36201207174747,2
94.5,354.72314960180296,1.4919279661016889,12.935353941858216,800,0.97,0.0017652295241589,41.0600406543702,2
95.0,355.39210541819756,1.4946080508474546,12.967906442495991,800,0.97,0.0017882790894071,42.622103762007725,2
95.5,355.9250055348964,1.497388771186439,13.000055156024034,800,0.97,0.0018029039117572,44.04583932716798,2
96.0,355.3583059225269,1.5002198093220331,13.032300875534045,800,1.0575320406887652,0.0018126138004224,41.366702428751296,2
96.5,357.6264679588657,1.503076006355932,13.064340724077445,800,1.032834309583616,0.0018195149411271,38.97411652933715,2
97.0,356.94932064071634,1.505944782838983,13.097156712296858,800,0.9927396823339518,0.0018248360672927,37.025389362869134,2
97.5,357.63005480306106,1.50881984904661,13.129217076700671,800,0.9845376342361528,0.0018292793659092,35.42450223185688,2
98.0,358.7294138441743,1.5116980601165253,13.161509680581108,800,0.996939234449332,0.0018332398406115,33.75698160441016,2
98.5,359.0122576528441,1.5145778436175847,13.193770500200609,800,0.97,0.0018369369482867,36.11143393574457,2
99.0,359.9889008124861,1.5174584133342162,13.226058347012437,800,0.9700408614719932,0.0018404913949135,38.24252248555314,2
99.5,360.65360367563005,1.5203393761586337,13.258599096925584,800,0.97,0.0018439690222486,40.18638077727843,2
100.0,361.7062404227326,1.523220535536944,13.290872625306244,800,0.97207791027525,0.0018474054955541,40.30741545002121,2
100.5,361.44420961869025,1.5261017931922007,13.32288223291311,800,0.9804489516468896,0.0018508200196529,38.58215301760703,2
101.0,362.2275387270753,1.5289830999859308,13.35483504183711,800,0.97,0.0018542228830525,40.53122869512498,2
101.5,363.29125435527266,1.5318644313488976,13.38702084749992,800,0.9743184508859166,0.0018576195730546,39.54441901741097,2
102.0,363.651651359088,1.5347457749964826,13.41888694212137,800,0.97,0.0018610130048338,41.41782165012302,2
102.5,364.7280385015664,1.5376271247863769,13.450969207529017,800,0.986868685306458,0.0018644047217396,39.3494357859434,2
103.0,365.9463866342454,1.5405084776474256,13.482743407594034,800,0.982423353871269,0.0018677955383278,37.6250963549802,2
103.5,366.0377548996756,1.5433898320440518,13.515292697446917,800,0.9739818465156768,0.0018711858833166,37.087902942405606,2
104.0,366.0877517174119,1.5462711872084665,13.547079789129487,800,0.973487086003268,0.0018745759817855,36.73399966652369,2
104.5,366.6669806623533,1.5491525427567756,13.579141702049268,800,0.97,0.0018779659516343,38.94393328975326,2
105.0,367.09195578270936,1.552033898497032,13.610937389620926,800,0.974785383574716,0.001881355854493,38.09257923195588,2
105.5,367.95100378361246,1.5549152543332618,13.642943518417429,800,0.97,0.0018847457225166,40.185166856090234,0
106.0,368.6624719659635,1.5577966102174785,13.674864350435628,800,0.978680463963766,0.0018881355724527,38.65010159764256,0
106.5,369.02698295594945,1.5606779661256884,13.70656891126984,800,0.97,0.0018915254130099,40.69673548228599,0
107.0,369.58956671066386,1.563559322045895,13.738488450095266,800,0.97004369076224,0.0018949152487103,42.564876893661506,0
107.5,370.3498638469666,1.5664406779720998,13.770727759153171,800,0.97,0.0018983050818985,44.26907999615548,0
108.0,371.3395243125402,1.569322033901304,13.803017402491976,800,0.9773067837696,0.0019016949137887,42.47788293037547,0
108.5,371.6143757418994,1.572203389832008,13.835126693981532,800,0.97,0.001905084745009,44.1888594520874,0
109.0,372.416670216006,1.5750847457634616,13.867130072861782,800,0.9723647247299342,0.0019084745758838,43.76872138902428,0
109.5,372.9838148313746,1.57796610169529,13.899322763942088,800,0.9709219573414686,0.0019118644065807,44.78839240007096,0
110.0,373.0919262382382,1.580847457627306,13.931027735262951,800,0.97,0.001915254237186,46.296225564119936,2
110.5,374.0637226937046,1.5837288135594156,13.963171801104709,800,0.97,0.0019186440677442,47.664435358785454,2
111.0,374.2576405816992,1.5866101694915722,13.99549166555997,800,0.977354335500916,0.0019220338982782,45.58171845302223,2
111.5,374.83135935488053,1.5894915254237525,14.028067969386958,800,0.9853782274105444,0.0019254237287998,43.15552867180941,2
112.0,367.58582643940093,1.5597457627118765,14.060239176812296,800,0.9830843033194568,0.001928813559315,41.04201891840739,2
112.5,363.9196996401965,1.5463135593220398,14.092417820795198,800,0.97,0.0019322033898269,42.85217976926117,2
113.0,363.2546961918257,1.5410381355932232,14.124371574486654,800,0.97,0.0019355932203371,44.46479015953912,2
113.5,363.193559900604,1.5398411016949167,14.156762451586738,800,0.97,0.0019389830508465,45.89739797967013,2
114.0,363.0687222791251,1.5406832627118652,14.188303501919735,800,0.976364511747146,0.0019423728813554,44.017823350400874,2
114.5,362.8192024619962,1.542545021186441,14.220431763575576,800,0.9830403694128682,0.0019457627118641,41.84471783341138,2
115.0,363.1629984921304,1.5449165783898309,14.252660438624458,800,0.977393894325748,0.0019491525423727,40.254509813422374,2
115.5,364.4776472254873,1.5475430349576274,14.284944105627568,800,0.9710328982885408,0.0019525423728812,41.36128534678994,2
116.0,364.8443270998634,1.5502969412076273,14.31707107766394,800,0.97,0.0019559322033897,42.965100039064566,2
116.5,363.86758245429945,1.553114572298729,14.349406941191418,800,0.9708971542633902,0.0019593220338982,43.88443495410155,2
117.0,366.0918164641818,1.5559640658103815,14.38179557772077,800,0.9704479863402408,0.0019627118644067,45.146767000052535,2
117.5,367.1157743631789,1.5588294905323092,14.414036304109011,800,0.9774997106898172,0.0019661016949152,43.18322366984427,2
118.0,367.10120256312064,1.561702880859375,14.446174699765006,800,0.97,0.0019694915254237,44.51571043196503,2
118.5,367.9065311176699,1.5645802539890097,14.478555213711688,800,0.97,0.0019728813559322,45.70684490203223,2
119.0,368.77928177899696,1.5674596185199283,14.510744045625728,800,0.97,0.0019762711864406,46.76315435955155,2
119.5,368.5465430944344,1.5703399787514898,14.542817396514687,800,0.9701078367541746,0.0019796610169491,47.709756288495555,2
120.0,369.651889778981,1.573220836833372,14.568693814641705,800,0.9824799874829576,0.0019830508474576,45.16081386800545,2
120.5,370.5952364998463,1.576101943840415,14.569050793029913,800,0.9834210366811982,0.0019864406779661,42.81764286736944,2
121.0,371.18766922539675,1.5789831753100378,14.569194483537729,800,0.97,0.0019898305084745,44.095874685622505,2
121.5,371.312215500785,1.5818644690109511,14.569656510416936,800,0.9742837125069173,0.001993220338983,42.731674521081914,2
122.0,372.3776959685392,1.5847457938275094,14.569717288046814,800,0.9836660697692822,0.0014957627118644,40.58705908418352,2
122.5,372.950767021138,1.5876271342018904,14.569872048114142,800,0.97,0.0009976617592956,42.04835915253335,2
123.0,374.03282006281813,1.5905084823551825,14.57000527790053,800,0.9728304755343398,0.0006237210813295,41.33515144919147,2
123.5,374.7973460261609,1.5933898343979302,14.570369750390132,800,0.9761840514931962,0.0003743056415055,39.84580683134692,2
124.0,374.8154416943668,1.5962711883854055,14.570443649265906,800,0.9704540285740888,0.0002183753711732,41.292046138604405,2
124.5,375.2858761957957,1.5991525433452454,14.57061637490312,800,0.97384690241155,0.0001283684890639,40.28202132704013,0
125.0,376.5907363180578,1.6020338987912668,14.57061637490312,800,0.9774550313069044,7.377464627065147e-05,38.74390072024488,0
125.5,376.799888710832,1.604915254480379,14.57084674345253,800,0.97,4.168252400466206e-05,40.306944665619426,0
126.0,377.1979470885922,1.607796610291037,14.57132496910456,800,0.9765353720207468,2.6737757658454295e-05,38.88604178007563,0
126.5,378.3609906218264,1.6106779661624675,14.571512969195096,800,0.9818208938799112,1.6317126657288783e-05,37.16396219167956,0
127.0,378.95083812565287,1.6135593220642848,14.571850429223002,800,0.97,9.632687242675208e-06,38.84426797369082,0
127.5,379.21956809912143,1.616440677981295,14.571990008415456,800,0.97,5.553405578353013e-06,40.3535892679356,0
128.0,380.3847964148453,1.6193220339059016,14.572078009336078,800,0.9762500294453688,3.5230692752900205e-06,38.93054571314519,0
128.5,380.7822792246495,1.622203389834307,14.572197510964529,800,0.97,4.381168740421752e-06,40.39299082580976,0
129.0,380.8756506317716,1.625084745764611,14.572757741357997,800,0.97,3.5004014215992474e-06,41.701180038445614,0
129.5,382.3398446888302,1.6279661016958649,14.57304419980834,800,0.9758283223851286,2.4051092364938093e-06,40.182269793871,0
130.0,383.5656449979164,1.6308474576275933,14.573147260291918,800,0.97,4.868457668854174e-06,41.489866523102535,0
130.5,382.2179794354784,1.6337288135595591,14.573468379930308,800,0.9899988520773833,1.603906896004435e-05,39.299095749352546,0
131.0,384.66140976969814,1.636610169491644,14.573638363159628,800,0.9735674219817212,1.4821954542830807e-05,38.50169575422939,0
131.5,385.8962611306665,1.639491525423788,14.574026072679391,800,0.982871732286305,1.081218730281972e-05,36.76405033993092,0
132.0,385.5975761299813,1.642372881355962,14.574100259465506,800,0.97,7.106698667112018e-06,38.33684370117635,0
132.5,385.4840387931076,1.6452542372881505,14.574354770450416,800,0.97,4.403651841407088e-06,39.74810011296336,0
133.0,387.79506524423545,1.6481355932203463,14.574404885245675,800,0.97,2.6269771746290837e-06,41.01905638784183,2
133.5,388.1261632710452,1.6510169491525462,14.574796226043398,800,0.9919550201495634,1.5260642142773117e-06,38.842650927449824,2
134.0,387.6679306558437,1.6538983050847476,14.574883397138988,800,0.9700171975558052,1.1215763930707592e-06,40.176361241017446,2
134.5,388.5705525362531,1.65677966101695,14.575261964387522,800,0.976408704560794,7.400603395014314e-07,38.70095782091835,2
135.0,389.8375632666557,1.659661016949153,14.575717523543815,800,0.97,3.3979439416144963e-06,40.02049166661942,2
135.5,390.00076385318584,1.6625423728813562,14.576334736929493,800,0.97,1.0065515177932743e-05,51.20827858880733,2
136.0,391.3085748198232,1.6654237288135594,14.576500315622004,800,0.97,1.107159498791503e-05,52.26735432280282,2
136.5,391.51612035406976,1.6683050847457628,14.576661987751208,800,0.97,1.4462570237961446e-05,53.21586237735244,2
137.0,380.0761041391142,1.6711864406779662,14.576790890769422,800,0.9801853433736476,1.1694671490982688e-05,51.11303738752304,2
137.5,374.7174948484187,1.6740677966101694,14.57723276563302,800,0.9817103647059044,1.2315265300960393e-05,49.13826724407551,2
138.0,371.7380066952511,1.6769491525423728,14.57748724246851,800,0.97,9.39159742821472e-06,50.34158666769565,2
138.5,370.7768389049795,1.6798305084745762,14.577548575445723,800,0.97,6.779219943025824e-06,51.43029173886009,2
139.0,369.86000312170336,1.6827118644067796,14.577646799960696,800,0.9751457509899408,4.431320585972144e-06,49.990720686165275,2
139.5,369.37917642821384,1.685593220338983,14.57768465887346,800,0.9798833825232418,3.7657372370622985e-06,48.20370440394947,2
140.0,369.9177495299565,1.6884745762711864,14.578084343230936,800,0.97,2.6579070905692626e-06,49.45477088394671,2
140.5,369.23306599606826,1.6913559322033898,14.578409750683637,800,0.97,7.103613900972529e-06,50.58125219543422,2
141.0,369.2865642920931,1.6942372881355932,14.57863298780133,800,0.97,1.5385585069251916e-05,51.59012290120171,2
141.5,368.5905107474048,1.6971186440677966,14.57900568294702,800,0.97,1.957808207513781e-05,52.49234104195989,2
142.0,368.6094546062342,1.5985593220338985,14.579154668138823,800,0.97,2.1100331572022305e-05,53.298676883619066,2
142.5,368.79368675290266,1.549279661016949,14.579154668138823,800,0.978039323727495,1.6205811053237854e-05,51.30223655057773,2
143.0,369.27325497103135,1.5246398305084743,14.579603301957237,800,0.9789431825798772,1.0930728160232276e-05,49.45945472632644,2
143.5,368.4925601463111,1.5123199152542373,14.579603301957237,800,0.97,6.879275396922814e-06,50.51534016365571,2
144.0,368.7999511968267,1.5061599576271187,14.579855641317735,800,0.9892567838795084,4.146593356864745e-06,48.40026145206406,2
144.5,369.4585715659919,1.5030799788135594,14.58006932676921,800,0.9706788611502742,2.426774507634041e-06,49.29087813015178,2
145.0,365.893932441982,1.5415399894067798,14.580409202277144,800,0.97,5.397675599222137e-06,50.32562118536583,2
145.5,364.3667993997997,1.562380164194915,14.58047689541307,800,0.97,6.211881658465255e-06,51.2460807837835,2
146.0,364.7856867115908,1.5744104210805083,14.580745069096997,800,0.97,7.130475460786628e-06,52.05807469271156,2
146.5,364.3785820716308,1.5820357190148306,14.581051389999772,800,0.97,5.577505046170314e-06,52.78841325937571,2
147.0,364.8802133698781,1.587458537473517,14.581156630893794,800,0.9734538774474996,3.794886180973657e-06,51.512470481678974,2
147.5,366.089715123226,1.5917801161943856,14.581405702184629,800,0.9841042958972048,2.4005099194310786e-06,49.39150598919514,2
148.0,366.34760126095983,1.5955510750463455,14.581416090302548,800,0.9744472244867668,1.4517883741876644e-06,48.20900114822285,2
148.5,367.34882401928985,1.5990467239638506,14.581479443984684,800,0.9829552002388118,3.4913976500550316e-06,46.44654004318903,2
149.0,368.13269005484506,1.6024047179141288,14.581856806270237,800,0.9732163808337686,1.2303285231601127e-05,45.852573583744345,2
149.5,368.8737579158715,1.605693884380793,14.58224273776644,800,0.9784149620189868,1.471539349557466e-05,44.532173011661655,2
150.0,370.5258315709529,1.6089486371056507,14.582665109484156,800,0.97,2.272798900942522e-05,45.86843339259218,2
150.5,371.8959854009381,1.6121861829596051,14.583255199500323,800,0.9735062469137762,1.904914063553155e-05,45.202245805224265,2
151.0,372.5316875939004,1.6154151253781075,14.583417523480964,800,0.9717091734205022,1.5555683150675917e-05,45.44109642733508,2
151.5,373.87326170114034,1.6186397660788845,14.583591842799748,800,0.9703339736401752,1.3977152814533392e-05,46.65190210270333,2
152.0,373.644704675006,1.621862255920798,14.583793063483345,800,0.9719843123684964,1.0088232026864413e-05,46.560686312768325,2
152.5,374.6743464608161,1.6250836703332805,14.584031662497033,800,0.97,6.593943823231065e-06,47.652389113608365,2
153.0,375.12975294494015,1.628304547031047,14.584031662497033,800,0.971287092362739,4.0718858165149614e-06,47.95455616242589,2
153.5,375.69652652903653,1.6315251548714558,14.584355326283896,800,0.978548696435524,2.4233998607071953e-06,46.36623074660213,2
154.0,377.1619465633614,1.6347456282831856,14.584730989379828,800,0.97,6.601585254309499e-06,47.44936246757334,2
154.5,378.309070637911,1.6379660344805758,14.585126090120312,800,0.970058160614556,6.626152806125286e-06,48.419427290502256,2
155.0,379.0254322967679,1.6411864070707964,14.585126090120312,800,0.97,4.975756492547911e-06,49.28329402768384,2
155.5,380.22608854219715,1.644406762857432,14.58537995935076,800,0.97,8.80055334004931e-06,50.05562152005325,2
156.0,380.55764987528096,1.6476271102422753,14.585509640158609,800,0.9826982864692132,1.295998121061692e-05,48.09854903661545,2
156.5,381.8253221406374,1.6508474534262223,14.58556693122929,800,0.9853016356002708,1.0759842875604591e-05,46.25845288068189,2
157.0,382.6733314456211,1.6540677945097215,14.585689037444771,800,0.97,7.519847572950363e-06,47.28527425711354,2
157.5,384.01891830165954,1.6572881345429964,14.585975275001646,800,0.97,6.127340228660809e-06,48.20506788210116,0
158.0,383.97365749035214,1.660508474051159,14.586354184175493,800,0.9879307334740488,4.247378335423218e-06,46.30638093929008,2
158.5,385.4017146781984,1.6637288132967665,14.58656285215786,800,0.9794922134019546,2.715543278258016e-06,44.83139471712195,2
159.0,386.49118639008304,1.666949152411095,14.586904536216162,800,0.9898075109002696,1.6536986944022115e-06,43.21287919959485,2
159.5,387.18071518072793,1.6701694914597849,14.586976209179069,800,0.9755095443559416,9.748128748377074e-07,42.34794303500922,2
160.0,387.5599854036002,1.6733898304756551,14.586976209179069,800,0.97,5.613882012371545e-07,43.68323798760167,2
160.5,388.9410259412104,1.676610169475116,14.5870622969335,800,0.9729988976982265,3.176849825277277e-07,53.274458469911906,2
161.0,390.579744419257,1.6798305084663716,14.587397968387965,800,0.97,1.7733793221843906e-07,54.50314944791489,2
161.5,390.91549609327626,1.6830508474535248,14.58778204500937,800,0.9713096128006158,3.159018871325549e-07,54.94203082027502,2
162.0,391.26951956140863,1.6862711864386268,14.588353705314397,800,0.97,8.984350108407622e-06,55.988087271275504,2
162.5,392.49321642259014,1.6894915254227034,14.588354833582065,800,0.97,8.905374636624483e-06,56.92969829879928,2
163.0,393.4109354900053,1.692711864406267,14.588457442835429,800,0.9768078018491722,6.6592871095225775e-06,55.54826623781162,2
163.5,394.4608650890347,1.6959322033895745,14.58879802982764,800,0.97,4.432943450366456e-06,56.511576353372845,2
164.0,394.9741483768105,1.6991525423727531,14.588993557157533,800,0.9885332144955022,2.768121672985812e-06,54.74269037445646,2
164.5,397.09375683104497,1.702372881355868,14.589298296987296,800,0.9726141838014958,4.081692431247838e-06,54.35949743823392,2
165.0,397.54634645881254,1.705593220338951,14.589463751276355,800,0.9730579826182356,4.213774941085106e-06,53.88050548030327,2
165.5,397.8277685354855,1.708813559322018,14.590160684310776,800,0.972074778131067,1.1217631671852331e-05,53.82002475020772,2
166.0,399.5655827896339,1.712033898305077,14.59024152210001,800,0.9743891840771788,1.3532429154695142e-05,53.04851305250827,2
166.5,399.08384367422894,1.7152542372881316,14.590773485708638,800,0.9730748008077156,1.61222806213909e-05,52.62202008965028,2
167.0,400.4428186823051,1.7184745762711846,14.591016861759815,800,0.97,1.2739173332717114e-05,53.786131442046326,2
167.5,401.6056627287832,1.7216949152542362,14.591068060709508,800,0.97,8.70860317736939e-06,54.830598151703555,2
168.0,402.5011816712739,1.7249152542372876,14.591361590627406,800,0.97,9.051358024755656e-06,55.762833795472375,2
168.5,403.83877055845727,1.7281355932203386,14.591529161927546,800,0.9721467656998064,8.082877524920084e-06,55.43706830825573,2
169.0,404.0108642889677,1.7313559322033898,14.591739349092816,800,0.9858677842710544,5.820038018731169e-06,53.807413517287216,2
169.5,404.7911332635299,1.7345762711864403,14.591768500350511,800,0.9781371850839944,3.799318637501148e-06,52.60752522324657,2
170.0,387.1100412391544,1.7377966101694915,14.59194612729092,800,0.973522780775087,2.3443091328183556e-06,52.09360338554484,2
170.5,377.3725283092947,1.7410169491525425,14.592467831701658,800,0.9804295945551668,1.1750133036203464e-05,50.936260625796194,2
171.0,373.7552610755833,1.7442372881355932,14.59264643026702,800,0.9720324355064092,1.1164055752998874e-05,51.09709594074059,2
171.5,370.81121761533853,1.747457627118644,14.592783643078556,800,0.97,9.270019522759116e-06,52.317944222185986,2
172.0,369.7790745582201,1.750677966101695,14.592979735158565,800,0.97,8.370213729993467e-06,53.41126944141024,2
172.5,369.21643292553136,1.753898305084746,14.593422646534174,800,0.9707083750505442,6.052708849303688e-06,54.20867315139856,2
173.0,369.2633251764295,1.7571186440677966,14.593617914966377,800,0.9768066930778304,3.9601554168053215e-06,53.0469714592042,2
173.5,368.8726466345112,1.7603389830508474,14.59377483313411,800,0.9716403734046316,2.4469782044793992e-06,53.19871890818007,2
174.0,369.299003676651,1.7635593220338983,14.593907614476976,800,0.97,1.4569393502780688e-06,54.16308605638966,2
174.5,369.6587753665105,1.7667796610169493,14.594248669113094,800,0.97,8.118395698321593e-06,55.0278055733412,2
175.0,368.6584914983364,1.6333898305084746,14.594248669113094,800,0.97,7.754160860752077e-06,55.80108284462426,2
175.5,368.8964168602332,1.566694915254237,14.594405988749392,800,0.97,5.7245619361716785e-06,56.48474693937277,2
176.0,369.1140395813687,1.5333474576271189,14.594565286432228,800,0.98978800910815,6.850736303304308e-06,54.6818769859446,2
176.5,368.829966550228,1.5166737288135592,14.594711232048017,800,0.97,1.1500663143781903e-05,55.45349918723298,2
177.0,368.82639565136947,1.5083368644067796,14.595039729113164,800,0.976019114343552,1.6286299913659127e-05,54.2198995772161,2
177.5,368.8837650185146,1.50416843220339,14.595330289496896,800,0.97,1.861780966344348e-05,55.02712211486852,2
178.0,369.26264608765393,1.502084216101695,14.595375899509282,800,0.9949264546698888,1.4546234685028698e-05,53.306526374123166,2
178.5,369.0747845240594,1.5010421080508474,14.59547825580778,800,0.9706985465159425,9.89178226916783e-06,54.004106291798394,2
179.0,368.7869764409372,1.5005210540254237,14.595798800239978,800,0.97,8.192931255083663e-06,54.79619652382229,2
179.5,369.0131906768242,1.5002605270127118,14.595999242512551,800,0.97,5.719985687791705e-06,55.50447636324992,2
180.0,369.45618259632647,1.5001302635063558,14.596137162638442,800,0.9826436064516708,3.6717528740207897e-06,53.916895789581815,2
180.5,369.1029212946975,1.500065131753178,14.59636216865501,800,0.9728433203268456,3.202773390676145e-06,53.33965951850104,0
181.0,369.96847011017167,1.500032565876589,14.59703467716294,800,0.9744186272105232,8.807879696351527e-06,52.4629816838393,0
181.5,369.3879551710468,1.5000162829382946,14.5972673742135,800,0.97,8.00718634868249e-06,53.35690267861702,0
182.0,369.12800252499665,1.5000081414691473,14.59742907639076,800,0.9756522984697004,1.1272672444559052e-05,52.30768253135244,0
182.5,369.2823902085011,1.5000040707345736,14.5976102467833,800,0.9821935925709508,1.0985439623684006e-05,51.02662656167627,0
183.0,368.9585969345147,1.5000020353672867,14.597811905385546,800,0.9702995268438944,1.1511793713646632e-05,52.02080407613272,0
183.5,369.01373474028,1.5000010176836434,14.597950404721791,800,0.97,9.64329332363958e-06,52.9212973545998,0
184.0,369.12270453588746,1.5000005088418216,14.598013998334835,800,0.97,6.765344895227921e-06,53.732137489106265,0
184.5,369.1504445468402,1.5000002544209108,14.598421591489574,800,0.97,7.041617802583928e-06,54.459226123742155,0
185.0,368.8466299747868,1.5000001272104555,14.598443503452977,800,0.97,5.350281578776948e-06,55.11024529431103,0
185.5,368.85910848755384,1.5000000636052278,14.599158728268153,800,0.97,1.0970652416462656e-05,55.68345374388588,0
186.0,368.4543251111977,1.500000031802614,14.59944489166088,800,0.9899576537048688,9.633082021768416e-06,53.93984803135049,0
186.5,368.8777585284067,1.500000015901307,14.59947062100088,800,0.9737363109221846,7.203749296681794e-06,53.10692463381696,0
187.0,369.0910679212842,1.5000000079506537,14.59951435915726,800,0.97,6.617901973851617e-06,53.84756896041847,0
187.5,368.6705390723308,1.5000000039753267,14.599718154004814,800,0.97,4.816964649681168e-06,54.51059761167892,0
188.0,369.5190544444072,1.5000000019876634,14.600017494837576,800,0.97,3.162489156218264e-06,55.10312482084396,0
188.5,368.8838566926144,1.5000000009938317,14.600017494837576,800,0.9848178442341494,1.958247993797972e-06,53.474438125481925,0
189.0,369.37863328351966,1.5000000004969158,14.600394165982332,800,0.970439499773879,7.994293973139392e-06,54.114882949078094,0
189.5,368.74927532696984,1.500000000248458,14.600703531346175,800,0.97,7.504731974689899e-06,54.72184631817214,0
190.0,368.9063567598426,1.500000000124229,14.600906030110997,800,0.97,9.412496622085903e-06,55.26058783780542,0
190.5,369.7774243345557,1.5000000000621143,14.600966980177054,800,0.97,7.536313628413428e-06,55.74372075358218,0
191.0,368.84627658770006,1.5000000000310574,14.601185229251582,800,0.970907836014629,1.0753685625987188e-05,55.87771294596217,0
191.5,369.16537010861055,1.5000000000155287,14.601346021015988,800,0.97,8.86960721888383e-06,56.29314192795067,0
192.0,369.00871156309466,1.5000000000077645,14.601659639034734,800,0.9748229168631268,6.181185812387033e-06,55.03548303004078,0
192.5,369.1429887246332,1.5000000000038822,14.601659639034734,800,0.97,3.9637840076660755e-06,55.51710063731923,0
193.0,369.15512235260894,1.5000000000019411,14.601758124252193,800,0.9831752180255432,2.4184875545693173e-06,53.889472995402286,0
193.5,369.4929864343488,1.5000000000009706,14.602003999894242,800,0.9771198497218956,1.4275415526527984e-06,52.63397657970137,0
194.0,368.98864976083536,1.5000000000004854,14.602435751124132,800,0.97,8.229196640104691e-07,53.326077972866415,0
194.5,368.73099781198306,1.5000000000002427,14.60275812260253,800,0.9748146473515892,2.6332656526907704e-06,52.350988666007254,0
195.0,368.6487163934841,1.5000000000001212,14.603442383150607,800,0.97,8.259088935363726e-06,53.055637551754785,0
195.5,369.389117697481,1.5000000000000606,14.6037809341498,800,0.9744302200433892,7.600772522191033e-06,52.153028554240336,0
196.0,368.84658344175256,1.5000000000000302,14.604340702189116,800,0.97,9.668869383074062e-06,52.86158342956048,2
196.5,369.31168471080906,1.500000000000015,14.60479288060282,800,0.9706921914384836,1.529731481583828e-05,53.341359878466506,2
197.0,369.1256794825251,1.5000000000000075,14.60524450878136,800,0.97,1.8563723651432504e-05,53.9231664738391,2
197.5,368.90285771245385,1.5000000000000038,14.605417709781822,800,0.9730659980638088,1.4739394947472932e-05,53.19291891715034,2
198.0,369.8962357848056,1.5700000000000018,14.60582139073586,800,0.97,1.0098464034614808e-05,53.77275616658477,2
198.5,370.25254747874754,1.6066101694915262,14.60592150076891,800,0.9773722219384045,6.413615297746574e-06,52.500370022186985,2
199.0,371.2041252689639,1.6265254237288138,14.6060581998671,800,0.9748520456194218,3.888999289092872e-06,51.59747156851512,2
199.5,371.5766521861096,1.638093220338983,14.606174176878598,800,0.97,2.2855954646562284e-06,52.288065326347805,2
200.0,372.4301521785395,1.6454872881355933,14.606174176878598,800,0.9748074072228377,1.3133456423830105e-06,51.3670439512432,2
200.5,373.8962023237249,1.6507944915254238,14.606354064729462,800,0.97,7.419467762189534e-07,52.05960454356938,2
201.0,373.8642685419118,1.6550582627118644,14.60637976913494,800,0.9846277940848944,4.1361036562320074e-07,50.70152942165765,2
201.5,374.83068288124537,1.6588003177966102,14.60657145557659,800,0.9734356770179166,2.281236715684624e-07,50.151511948463565,2
202.0,375.91205680780695,1.6622815148305086,14.606609508431722,800,0.976805906739614,1.327014726856624e-06,49.25847697041229,2
202.5,376.5501295128958,1.665632282838983,14.606642673160582,800,0.97830518586988,1.2699838089645082e-06,48.35647791438987,2
203.0,378.1146346421048,1.6689178363347457,14.607315359317957,800,0.971348115539169,9.382301272503524e-07,48.72345967201704,2
203.5,379.51612922492143,1.6721707825741523,14.607546457019732,800,0.97,4.495776676851911e-06,49.60048676142884,2
204.0,379.73343355952846,1.6754074251853814,14.607620629366613,800,0.97,4.261219145039323e-06,50.38765007279761,2
204.5,380.4013852563615,1.6786359159825213,14.608030625750116,800,0.97,3.137274975826345e-06,51.093818268780865,2
205.0,381.11293269462215,1.6818603308726163,14.608263358482802,800,0.97,3.4030793202916796e-06,51.72627870801409,2
205.5,381.6313733274746,1.6850827078091897,14.608652855596976,800,0.97,4.530199983104116e-06,52.296579342008215,2
206.0,383.0872950439953,1.6883040657690014,14.609201171451838,800,0.9706228140802732,1.9682392718364988e-05,52.68932960573926,2
206.5,382.98928421350047,1.691524914240433,14.60956558762027,800,0.97,1.854984272258896e-05,53.153927181515655,2
207.0,384.12103824048273,1.694745507967674,14.609617852703805,800,0.97,1.3629244542997712e-05,53.57096387522108,2
207.5,385.3608640064601,1.69796597432282,14.609900129965215,800,0.9849266627861084,8.991783862350472e-06,52.065010778237365,2
208.0,386.4001874852953,1.7011863769919184,14.610061497516398,800,0.97,5.5844727266010444e-06,52.57696772307412,2
208.5,386.9747169549238,1.704406747817993,14.61015202138286,800,0.97,5.098767366355594e-06,53.03812760280579,2
209.0,387.9877235336787,1.7076271027225558,14.610362864854018,800,0.97,7.896796111071103e-06,53.44585945770933,2
209.5,389.1616259258528,1.7108474496663626,14.61084189318046,800,0.9805497034405471,6.622104269482205e-06,52.048258047069,2
210.0,389.1573932236602,1.7140677926297916,14.61113406922895,800,0.9703136246792504,1.27118915043112e-05,52.5371446953983,2
210.5,391.1894289042325,1.7172881336030312,14.611388354650249,800,0.976169969112094,1.3263158461211083e-05,51.422006777015326,2
211.0,391.461849619506,1.7205084735811766,14.611655950613544,800,0.97,1.2386168146542555e-05,51.95181136115281,2
211.5,392.0587863762336,1.7237288130617747,14.612041366927548,800,0.97,1.5863747239687004e-05,52.42766455456518,2
212.0,393.62796000636985,1.7269491522935994,14.6124180200957,800,0.97,1.726618111123867e-05,52.84915896969693,2
212.5,394.2546013188679,1.7301694914010368,14.612660268015713,800,0.97,1.330024430131692e-05,65.22448396606478,2
213.0,395.0733022053199,1.7333898304462811,14.61278189114755,800,0.97,1.0423660515384278e-05,65.56065900333613,2
213.5,395.37107918387426,1.7366101694604286,14.612926487390837,800,0.9865078017081514,1.0469493881473554e-05,64.01509435826677,2
214.0,396.5331369361235,1.7398305084590278,14.61295940116238,800,0.97,7.863578752627485e-06,64.45284046306642,2
214.5,397.0132874210296,1.7430508474498527,14.613519637952532,800,0.9770901978881082,9.922585937888552e-06,63.27104907183252,2
215.0,398.2908312209444,1.7462711864367908,14.613663240684032,800,0.97,7.956691249731681e-06,63.76834968970837,2
215.5,398.78203039671814,1.749491525421785,14.613873952377896,800,0.9833407011092488,5.476044765259543e-06,62.43648161297301,2
216.0,400.0627429963847,1.752711864405808,14.614310927118533,800,0.97,1.0339076562303966e-05,63.0015431644585,2
216.5,400.9893637284889,1.7559322033893443,14.614544903371916,800,0.97,8.970065370989079e-06,63.51123858540285,2
217.0,401.7254518112184,1.7591525423726384,14.614876558580177,800,0.9903771167564532,6.385296230413088e-06,62.11916392598147,2
217.5,403.1435882925188,1.7623728813558106,14.615347377193428,800,0.97,7.695313048177384e-06,62.70003235439572,2
218.0,403.51785276756465,1.7655932203389222,14.615668247385432,800,0.97,6.098988990574111e-06,63.21585516925995,2
218.5,404.7643793400423,1.7688135593220036,14.615668247385432,800,0.97,4.175160728529765e-06,63.67920829307121,2
219.0,404.936965673889,1.7720338983050696,14.615992407326138,800,0.97,9.410436816593537e-06,64.0893765692781,2
219.5,406.25767597334425,1.775254237288128,14.616194923277256,800,0.9770106935401442,8.366646634461096e-06,62.93496479938443,2
220.0,407.2816384578417,1.7784745762711829,14.616410345440704,800,0.97,6.014037430312712e-06,63.40294982569009,2
220.5,407.6855152326262,1.7816949152542354,14.616918088559162,800,0.9900330163390038,1.1184128319795746e-05,62.019757081306864,2
221.0,408.42996253753694,1.7849152542372873,14.617328716467169,800,0.97,1.4192091468501578e-05,62.55991282358764,2
221.5,409.55669402968374,1.7881355932203389,14.618023114066553,800,0.976311752008191,1.746834600254446e-05,61.58270842871707,2
222.0,410.4926415544402,1.7913559322033898,14.618444516270388,800,0.9911078518145738,1.600079104043411e-05,60.36034971066073,2
222.5,410.6191441389613,1.7945762711864406,14.618646240121016,800,0.97,1.3836101572024064e-05,61.034520986791165,2
223.0,389.6545889937016,1.7977966101694915,14.618751135554698,800,0.9737149285830442,9.835903811915536e-06,60.44663541893226,2
223.5,380.4170909873435,1.8010169491525423,14.61891539794864,800,0.97,6.37687841890952e-06,61.09759207157515,2
224.0,373.96697112487607,1.8042372881355933,14.61942091873013,800,0.97,3.917902465930636e-06,61.67726576266733,2
224.5,371.8187544952923,1.807457627118644,14.619641522820109,800,0.9771109478401004,2.323682861203256e-06,60.72738007406139,2
225.0,369.8007503576387,1.810677966101695,14.619923141256812,800,0.97,1.344207244720597e-06,61.33113175201328,2
225.5,369.2422961312199,1.813898305084746,14.620266277460624,800,0.97,7.63286529419783e-07,61.869079083273334,2
226.0,369.0011416679032,1.8171186440677969,14.620490189052989,800,0.97,4.272347182396338e-07,62.35262433084739,2
226.5,369.0269653492082,1.8203389830508472,14.620772707050312,800,0.9773979398783194,2.36413085884688e-07,61.31047576605681,2
227.0,369.2683693436986,1.8235593220338984,14.620783811610208,800,0.97,5.922944019416625e-07,61.82787097329617,2
227.5,369.67885442774354,1.826779661016949,14.621188678337958,800,0.9780404168834832,3.953947700074103e-06,60.81124412731833,2
228.0,369.1123592583227,1.6633898305084749,14.621188678337958,800,0.9878780233981356,3.805874099588687e-06,59.679721645534585,2
228.5,368.8838227818656,1.5816949152542374,14.621840985160183,800,0.9780869701985692,5.631128832128388e-06,58.85978847160061,2
229.0,369.44032676331,1.5408474576271187,14.621845969290504,800,0.97,4.679660307231216e-06,59.57573055453025,2
229.5,369.2144720620091,1.5204237288135594,14.621891560428256,800,0.97,3.271878099199119e-06,60.2205833135024,2
230.0,369.69711426406855,1.5102118644067797,14.621978375045572,800,0.9701311564340864,3.846245029187627e-06,60.80142289629805,2
230.5,368.3902804192992,1.50510593220339,14.622352226489133,800,0.9780984485664482,3.028275504387847e-06,59.87485817524612,2
231.0,369.0914952490496,1.502552966101695,14.622436191071102,800,0.97998640849797,2.0667142470909406e-06,58.95749254486736,2
231.5,368.3309362167123,1.5012764830508476,14.622906482236182,800,0.97,6.528939395867027e-06,59.63691254099939,2
232.0,368.9092860463569,1.5006382415254238,14.623419077345446,800,0.9794486913901462,6.012260834094293e-06,58.76515226112849,2
232.5,369.0486138684243,1.500319120762712,14.623419077345446,800,0.97,4.380025985127535e-06,59.448847339064,2
233.0,369.4336716487233,1.500159560381356,14.623532670341708,800,0.97,4.876663444890543e-06,60.05866998521845,2
233.5,368.49279838551126,1.500079780190678,14.623636574085236,800,0.97,3.7816569486086582e-06,60.602843965495424,2
234.0,372.4547421707484,1.497437086266387,14.624143512023926,800,0.974658677215072,1.1998874931741883e-05,59.901630989563614,2
234.5,374.9060817898666,1.4950240371046792,14.62421584681923,800,0.97,1.105346069458972e-05,60.44982207144204,2
235.0,376.1682617928028,1.4917050752629248,14.62474019394078,800,0.97,9.270266447486685e-06,60.940778537906,2
235.5,377.97811383034986,1.4876687473707508,14.62513879162128,800,0.97,7.1449952584613074e-06,61.379316334243526,2
236.0,378.4852201559434,1.4835441917930972,14.625495669525105,800,0.9731475036938054,8.575524312290873e-06,60.8080134002883,2
236.5,379.31084007485504,1.4768679556819406,14.625857145938843,800,0.97,6.789275497675546e-06,61.24319274260699,2
237.0,380.7126317385497,1.469753520739557,14.625993554123516,800,0.9808510533461896,4.645394419602828e-06,60.16812323166221,2
237.5,381.81319852517504,1.4640269686109204,14.62622853874614,800,0.97,2.9480755451839416e-06,60.65008818160186,2
238.0,382.95416489766006,1.4602351622297696,14.62622853874614,800,0.97,1.7867269402832346e-06,61.08394092126906,2
238.5,383.25037104069435,1.456474688730009,14.626385783067136,800,0.97,1.049708053987249e-06,61.47203489927944,2
239.0,384.8834551063847,1.4513394291823558,14.626742855884917,800,0.9846708540879424,7.481360530794213e-06,60.29906515034554,2
239.5,384.9506371897992,1.4464051874026302,14.627285501790828,800,0.983627440815988,1.1130435492710336e-05,59.26225199994934,2
240.0,386.08839391345776,1.4419530746711036,14.627426401432627,800,0.9723857367857248,9.260095360011784e-06,59.04461540576949,2
240.5,387.69314200981233,1.4377954051895372,14.627820747741996,800,0.97,1.4538810721342942e-05,59.60424419721198,2
241.0,388.7261862922013,1.4340280139267163,14.627967199887664,800,0.9778543219858664,1.4782832157620042e-05,58.76274364714533,2
241.5,389.1745977810281,1.4278202515324134,14.628017844040984,800,0.9761887383228968,1.1148129477284308e-05,58.0854454247488,2
242.0,390.1134771721206,1.4229102854003743,14.628159346718808,800,0.97,1.3348366347186751e-05,58.717801285079815,2
242.5,391.5690642443903,1.4187240907077527,14.628416639654754,800,0.970306248746514,1.4706676998468446e-05,59.28244224319224,2
243.0,391.958516818744,1.4166101174080912,14.628744915543969,800,0.97,1.1369585411671756e-05,59.79660982016014,2
243.5,393.21805519932104,1.4120397633620223,14.629017091957538,800,0.97,9.291779088651624e-06,60.25344845783491,2
244.0,393.9328452149663,1.4066537756545223,14.629237940807643,800,0.9824222925542776,1.2667335692724853e-05,59.22692308823531,2
244.5,395.31404457037655,1.4039365117607918,14.629726188663058,800,0.97,1.3277832861910132e-05,59.73058070700483,2
245.0,395.64868988550023,1.3992326347489406,14.630063192944958,800,0.97,1.6217633547881614e-05,60.17831499435118,2
245.5,397.47241196352576,1.3954213733130012,14.630317256809036,800,0.9729841954509872,1.289817533240408e-05,59.715730665401736,2
246.0,397.8538343327018,1.39222355915248,14.63046424866783,800,0.97,8.843766945433676e-06,60.15831077463963,2
246.5,399.72159202010096,1.3882467235915643,14.630564899688313,800,0.97,5.619223112332656e-06,60.55307866280566,0
247.0,399.0121054276919,1.3840401425045457,14.630955371695658,800,0.97,5.765539598894138e-06,60.90497486079238,0
247.5,400.2045891023365,1.3802150130871973,14.63135178114163,800,0.97,4.360733820810974e-06,61.21925092603817,0
248.0,401.9404658184536,1.375178713866777,14.631584422163684,800,0.9818161771456908,4.701196382684297e-06,60.097774562975474,0
248.5,401.908877908092,1.371596490968321,14.631742298264248,800,0.97,3.6110129274815537e-06,60.478955876108614,0
249.0,403.4997633938257,1.3667864613083238,14.63187318126564,800,0.9813620490197532,7.0922556630918985e-06,59.44787105767165,0
249.5,404.64445368022314,1.3622389038984348,14.632045401923053,800,0.9780660914475288,6.18950243122151e-06,58.60071024587347,0
250.0,405.75079831557105,1.3568368821069303,14.632126050919965,800,0.982433813335698,4.416438515448535e-06,57.72999758194169,0
250.5,407.0417304176747,1.3519668685580193,14.632198907414097,800,0.97,2.8690629076431576e-06,58.31177978248189,0
251.0,408.3672966604721,1.3453160987296946,14.632634879032182,800,0.981546438355256,7.460045597279164e-06,57.476012541834905,0
251.5,408.027177342106,1.3389777421399978,14.632887639436222,800,0.97,7.098574941962539e-06,58.06477348156477,0
252.0,409.5256210506379,1.333585231581818,14.633417534070103,800,1.001048756722135,9.319549777964365e-06,57.102561268707746,0
252.5,410.012454331344,1.3292642684239324,14.633473888943174,800,0.971982782635948,7.5449060424737295e-06,57.11920652618767,0
253.0,411.80648941557297,1.3246140735892378,14.6335911869232,800,0.970871399032279,5.215018597982638e-06,57.54652477874839,0
253.5,412.13446361133214,1.3200624337035882,14.63378985156162,800,0.97,3.328792087364206e-06,64.1081781257937,0
254.0,412.7532333493663,1.3167246638382015,14.634505626789808,800,0.97,7.795202052837285e-06,64.61382758294303,0
254.5,414.4575973686175,1.3108192331713973,14.634565205095932,800,0.9808570685088636,6.963004030996233e-06,63.75923307083417,0
255.0,415.7387042910472,1.3045536886181486,14.634906833423663,800,0.974485928096946,8.008205975935757e-06,63.263609901548875,0
255.5,416.848615652893,1.297990717606822,14.635014342567764,800,0.9752895282095532,6.267454968186699e-06,62.75197067925541,0
256.0,417.87488362444026,1.2925605783214884,14.6354985214299,800,0.97,4.265403474202759e-06,63.35550970865506,0
256.5,418.379039283507,1.2888109372984526,14.635697900867417,800,0.97,2.6985397321560847e-06,63.89910556530151,0
257.0,419.3848124627988,1.28361100174015,14.635697900867417,800,0.9826399417704372,1.632188863605395e-06,63.07278840319253,0
257.5,420.49219552709224,1.2802078409206543,14.635860836411762,800,0.9721019562760032,9.575539305663738e-07,63.012909766378186,0
258.0,421.04332852168943,1.2756499597107778,14.636444730562436,800,0.9740797406438292,1.981372718399769e-06,62.62231752282764,0
258.5,421.9811212876099,1.2696973495037702,14.636869531763228,800,0.97,3.7866414132260744e-06,63.21036958839568,0
259.0,395.340661871089,1.2641826631117707,14.63718411492018,800,0.9938184184547376,3.922325791092282e-06,62.352539656422834,0
259.5,382.2418371602338,1.2581022363344536,14.637428049049213,800,0.9707898509016012,1.3139587480743803e-05,62.81782231568104,0
260.0,376.4300324686027,1.253453049706116,14.637701298931018,800,0.97,1.6414651553538928e-05,63.36947365153617,0
260.5,372.6982067286626,1.2480783769600832,14.637929114366456,800,0.97,2.1211879572765873e-05,63.86133425230531,0
261.0,370.804174563965,1.2434389626919795,14.638506697622338,800,0.97,3.3633709759489626e-05,64.30172430842185,0
261.5,370.2395777661091,1.2386135989067837,14.63877058330399,800,0.97,3.1285536153261805e-05,64.69417251572048,0
262.0,369.64016410871926,1.232419414246293,14.639127825443994,800,0.9826117647967402,3.614861016737967e-05,63.78207062039394,0
262.5,369.3422355201821,1.22697032132822,14.639278432244035,800,0.97,2.8327226129064216e-05,64.20939869036852,0
263.0,369.3195593729801,1.2208396819393863,14.639483413162182,800,0.9768185589425764,1.92900735872193e-05,63.49685749169822,0
263.5,369.1091448566812,1.2150678804215609,14.6398357427569,800,0.97,2.0735538998438493e-05,63.936815856554006,0
264.0,368.88160513566015,1.2106242015295627,14.640018593127571,800,0.9853328114825332,1.591302060163367e-05,63.06265904188001,0
264.5,369.3611530682253,1.2056531659553795,14.640454322155218,800,0.97,1.7682285245254382e-05,63.53371096118428,0
265.0,368.1120180258917,1.2001749342192158,14.64071987370564,800,0.9858742992456324,1.7233821631415484e-05,62.69148224363301,0
265.5,369.2609542031891,1.1952676158915614,14.640786046038333,800,0.9742094111229692,1.2813250320101889e-05,62.277230800198254,0
266.0,369.4233816819544,1.191603978795035,14.641198071165904,800,0.97,1.4058411153856736e-05,62.80791306521462,0
266.5,368.8392722197497,1.1850114494564117,14.641584231911777,800,0.9869827272302104,1.222388079120281e-05,62.02370202357304,0
267.0,368.06498735620505,1.1807138089720577,14.64162556355804,800,0.97,8.709278002738627e-06,62.56479726952762,0
267.5,369.0153086260676,1.1749606157577517,14.64180159412349,800,0.97,5.6533078049379235e-06,63.04577779450528,0
268.0,369.3118314431471,1.17083175866422,14.642310433936704,800,0.9705810399994982,3.4759883042532673e-06,63.42790357685749,0
268.5,369.60256353897057,1.1654604047637864,14.642377194314664,800,0.974251457842521,2.0626613530187864e-06,62.93951882383987,0
269.0,368.7360260999333,1.1619802178180574,14.64264565321891,800,0.97,1.1936642769554696e-06,63.37206468689362,0
269.5,368.977154955472,1.158141269250299,14.642945175733892,800,0.9771288707114208,6.77998938700773e-07,62.70155937871056,0
270.0,368.5520150444598,1.154367136476589,14.64308573808732,800,0.97,3.795828694619056e-07,63.147354918479664,0
270.5,368.90446131861,1.1506218147655929,14.643438274018466,800,0.9840198827990836,3.28024591859035e-06,62.34967874566513,0
271.0,368.9639146771053,1.1471129223601917,14.643519093511376,800,0.97,4.237793216874973e-06,62.82066895726729,0
271.5,368.8266876744387,1.1426955710374609,14.64371132311447,800,0.97,7.007812799466017e-06,63.24046854630609,0
272.0,368.4856830881724,1.1369938605331005,14.643868564463846,800,0.9818827285249868,7.372617033028425e-06,62.46126052158422,0
272.5,368.77002465665777,1.130485965029285,14.643940033084176,800,0.97,5.620663833161921e-06,62.89825722134464,0
273.0,368.6996459395119,1.1246745778865743,14.644321168938689,800,0.9780275472980324,7.562044877462317e-06,62.234537486863985,0
273.5,368.59567593200865,1.1199650141939506,14.644613338574116,800,0.9808750206329836,6.1568789191718365e-06,61.571218017812726,0
274.0,368.99173852289823,1.115987854677558,14.64467352510283,800,0.97,6.7741397295096924e-06,62.07873944314326,0
274.5,369.6778155679817,1.1133432784212791,14.644721688803951,800,0.97,7.241740879829817e-06,62.536362464798515,0
275.0,368.9094139699447,1.110343823739076,14.645046169840835,800,0.97,1.735668129708386e-05,62.94643105340225,0
275.5,368.7551899915567,1.106271110308464,14.645598151117357,800,0.9769245516852004,1.7654529389383883e-05,62.308734688385925,0
276.0,368.92199684740206,1.1024473228765743,14.645651259683238,800,0.9802059295751028,1.331535906511292e-05,61.65300313363275,0
276.5,368.8874298768082,1.0980038429908954,14.645720682192058,800,0.994385168406926,1.1794331251939933e-05,60.926528864290674,0
277.0,369.2033492598812,1.0940605906276883,14.645881034857917,800,0.97,1.2544903539645931e-05,61.469389094019846,0
277.5,369.5313733457325,1.09127183017419,14.64590363777514,800,0.97,9.596320726660947e-06,61.95859378711401,0
278.0,368.904493353836,1.0884807227611568,14.646290029653915,800,0.97,1.982549081223968e-05,62.39791139816185,2
278.5,369.71848904238857,1.0862791863535932,14.646638830838103,800,0.97,1.8166504161505392e-05,62.79344247274588,2
279.0,368.9407727675272,1.083241317047747,14.646986217674757,800,0.97,2.1661657976448027e-05,63.146708635701486,2
279.5,368.88763748841984,1.0794254851279,14.647223161674098,800,0.97,1.9235236631225338e-05,63.46084772104598,2
280.0,368.998436031656,1.0775054441523118,14.647541324237752,800,0.97,1.3819822137113333e-05,63.74503532282341,2
280.5,368.7773298156034,1.0744934543127829,14.64769281695158,800,0.9769605881418748,1.1351095001681754e-05,63.03098987043671,2
281.0,368.90605785728854,1.0729751147785258,14.64801799892778,800,0.97,1.4132494828037372e-05,63.351214810018234,2
281.5,369.0672255957119,1.071753418859756,14.64838473091272,800,0.9711311405737274,1.4713848367319408e-05,63.39573336756382,2
282.0,369.0165325561226,1.0687679862478163,14.648658081787651,800,0.9737078770512256,2.0983980359086543e-05,62.9105606400027,2
282.5,369.2808822622783,1.0641623571828789,14.64879210434408,800,0.9727984257850976,2.10886485469638e-05,62.58103200332141,2
283.0,368.5928156213933,1.0595152368276295,14.648794657741384,800,0.97,1.5842653457192164e-05,62.92434814166267,2
283.5,368.26758030966766,1.054942502408874,14.64908831817172,800,0.97,1.0570491320451214e-05,63.22961232815925,2
284.0,368.4640958309679,1.050940867138985,14.649402874877492,800,0.97,6.609827956153173e-06,63.501719763416816,2
284.5,369.6445478054351,1.046605834703128,14.649551207846624,800,0.9784177357224192,5.097640553804391e-06,62.75124279129574,2
285.0,368.7158426257662,1.0429556694618147,14.649623468497142,800,0.9740505801578796,4.320669560787962e-06,62.286345327746346,2
285.5,369.1696317300863,1.0403053527821575,14.649906173014267,800,0.97,9.412933186127094e-06,62.63724847483507,2
286.0,368.8761892663211,1.036638313210688,14.650129220261896,800,0.9821730215726888,1.0303791554701569e-05,61.89994564624021,2
286.5,369.7263874649302,1.0332909876918737,14.650350132540195,800,0.97,9.551101365356197e-06,62.27845851937582,2
287.0,368.7747327649727,1.0287150721458478,14.650479021292398,800,0.97,1.0543158085146636e-05,62.61401648164838,2
287.5,368.8942974847893,1.0244095949073615,14.650641235764972,800,0.97,8.155382743807585e-06,62.91280552824003,2
288.0,369.74653885650014,1.020795307422532,14.651057110686937,800,0.9728941286405072,1.6199854010826573e-05,62.54148199252609,2
288.5,369.7277787675593,1.018153190624394,14.651169072341911,800,0.97,1.6448588172609588e-05,62.841715878492096,2
289.0,369.02600979423823,1.0146275827222828,14.651345159215063,800,0.97,1.2398624669902945e-05,63.10810243151684,2
289.5,368.4710740056181,1.0118302795038403,14.651478300770188,800,0.976531672610058,8.286477626750547e-06,62.44475263873068,2
290.0,369.79705367756856,1.0091246191249013,14.651740270491752,800,0.9752009997760184,1.0878792501890357e-05,61.90629851101755,2
290.5,369.20539958402264,1.005763481878942,14.65187540422137,800,0.97,8.807173095202721e-06,62.251415729769406,2
291.0,368.7774549373574,1.0039893005447256,14.651923449756028,800,0.97,6.595757455009628e-06,62.56344278560374,2
291.5,369.1406671783478,1.002305523479028,14.652045483288251,800,0.97,7.095237516407638e-06,62.84386054630852,2
292.0,369.12567924791114,0.9993833987564,14.652155875407882,800,0.97,5.446298152655231e-06,63.092613439557454,2
292.5,368.521801561705,0.996092604521398,14.65234253906523,800,0.9705642366016262,3.6724887735533215e-06,63.27479174886406,2
293.0,369.3913053249215,0.9907216790214431,14.652601645789384,800,0.974672583478273,3.4092648729129653e-06,62.70027343140532,2
293.5,368.3944690071355,0.9856741272054496,14.6527375481244,800,0.97,4.4046832195405906e-06,62.94385425402129,2
294.0,369.3631915420337,0.9816154226849207,14.652818238673476,800,0.97,6.914473212849653e-06,63.160585165163695,2
294.5,368.4331528890611,0.9776459748845824,14.652958455401178,800,0.9819910566451584,5.813302407964506e-06,62.35884252612129,2
295.0,369.6700420932348,0.9735338326831022,14.653029274025094,800,0.9735303846943278,4.48169158618761e-06,61.95550410905929,2
295.5,368.8718037405859,0.969866474649912,14.653215815100564,800,0.97,6.10147193555265e-06,62.25284200862734,2
296.0,368.6286336863573,0.9658581556468654,14.653267736899776,800,0.9765622075031138,4.981049039005748e-06,61.65869002687697,2
296.5,369.0247738626279,0.9626258804803228,14.653385436447774,800,0.9728760680511456,8.359828888347712e-06,61.36030341098768,2
297.0,369.1236942083333,0.9591747498829954,14.65350132959899,800,0.9750935962802558,8.524738333347323e-06,60.92498888358091,2
297.5,369.3643183021487,0.9552058262463016,14.65363142592981,800,0.97,6.4347811112603944e-06,61.30265292158464,2
298.0,368.8993037588288,0.9505526247807417,14.65364469281899,800,0.9899582839658764,4.303596527923564e-06,60.614193989044054,2
298.5,368.3145533709054,0.946165576180814,14.65422795831534,800,0.9732003409083978,1.6892518074504314e-05,60.400494611537624,2
299.0,369.04977235203734,0.9430601910165746,14.65434353152989,800,0.97,1.618487385515223e-05,60.81468011788007,2
299.5,369.08793363394255,0.9392823277393264,14.654599988097257,800,0.9862751787243892,1.196174433652615e-05,60.19057335719913,2
300.0,369.2416155440716,0.9373905872014584,14.654684774138993,800,0.97,8.397816311126706e-06,60.61944686317702,2
