Time_min,ReactorTemp,Pressure_bar,Volume_m3,Agitator_Speed_rpm,Coolant_Flow_m3_s,Feed_Flow_m3_s,Coolant_delatT_K
0.0,298.2042433227936,1.15,8.916666666666666,805,0.05,0.0,2.577143200000023
0.5,298.2187639428573,1.1539095592158217,8.993872303524004,805,0.053702814608071206,0.0025882370355638,5.888683228571438
1.0,299.55919241744755,1.2660633706063527,9.071294931896828,805,0.8249460768136325,0.0025477791335927,8.879812806802704
1.5,302.2136045086417,1.45,9.148503338403987,805,1.0389697520347216,0.0025548489751626,11.58108758710722
2.0,306.3597452036271,1.45,9.225419247790471,805,1.0475752023345637,0.0025278679414302,14.019992540716032
2.5,312.4996610603292,1.45,9.303178073100009,805,1.05,0.0025988174474358,12.926475641600234
3.0,319.10367291372177,1.45,9.380457074026486,805,1.05,0.0025942413210301,13.39537209478118
3.5,323.69893249593986,1.45,9.4577226538877,805,1.05,0.0025477826026404,15.640563961944903
4.0,326.85051817584355,1.45,9.534445129777012,805,1.033061731621286,0.0025566111512583,17.666929117950133
4.5,330.3159673852982,1.45,9.612326174564323,805,1.05,0.0026208535955195,19.495525192431103
5.0,332.8400177486038,1.45,9.6892926514799,805,1.0395496547325362,0.0025571972973552,21.14497330743768
5.5,335.6055135499203,1.45,9.76646948359725,805,1.035300788781758,0.0026228851199364,22.384455240062664
6.0,338.0616078877764,1.45,9.843612552244004,805,1.05,0.0025833320750013,21.939170807675737
6.5,340.45638596585536,1.45,9.921097106314413,805,1.05,0.0026271873580285,23.337389940278054
7.0,342.54993586785,1.45,9.998188188722471,805,1.05,0.0025355101378029,24.597455650727795
7.5,343.2651310960903,1.45,10.075632618560713,805,1.039339289893066,0.0025966094182539,25.73231756018231
8.0,342.58674316150405,1.45,10.152424626528664,805,1.05,0.0025683476934336,24.636969344926857
8.5,343.26983649399114,1.45,10.229863309739695,805,1.038951278327982,0.0025583472693278,23.082786340648113
9.0,342.67479172449805,1.45,10.307928638572935,805,1.05,0.002610469958846,24.341997422491147
9.5,343.29754699069713,1.45,10.384758688627974,805,1.05,0.0025589009426348,25.476688553682493
10.0,342.70358637050737,1.45,10.46178641356158,805,1.05,0.0025973336700248,25.321305767617503
10.5,343.2751951100574,1.45,10.538436872182029,805,1.05,0.0025671799397195,25.115999599272985
11.0,342.7837853257426,1.45,10.615758408816673,805,1.045964373933726,0.0025684500790334,26.158417008866024
11.5,343.0049852717305,1.45,10.692471654135586,805,1.047423985169062,0.0025586678600276,27.096801474688338
12.0,342.7493037181324,1.45,10.76974294176149,805,1.05,0.0025969794007827,27.94094867709896
12.5,343.2084031279264,1.45,10.84699076979112,805,1.05,0.0025380758904964,26.743059726899048
13.0,342.92458541396684,1.45,10.923684107858788,805,1.05,0.0025670759849968,27.608993610051527
13.5,343.2731300200258,1.45,11.001014392143787,805,1.045684156452088,0.0025617467931643,28.38762998052283
14.0,342.91259574810704,1.45,11.07849267006568,805,1.05,0.002623347461779,29.087412306187332
14.5,343.1697678579879,1.45,11.155622326321977,805,1.034468550948144,0.0025767595728039,29.71593671512187
15.0,342.7348458444886,1.45,11.233010115916912,805,1.05,0.0025645830047285,30.279895323205494
15.5,343.2904170311009,1.45,11.310318861467294,805,1.0384112602318696,0.0025828570720262,30.785530797185913
16.0,342.758644269907,1.45,11.387873699685594,805,1.05,0.0025743497925355,30.122928359358696
16.5,343.08086263855006,1.45,11.46553017772102,805,1.048623081308594,0.0025890961751546,30.632373610848333
17.0,342.7143753610441,1.45,11.542494574665676,805,1.05,0.0025688562191423,31.088633838386613
17.5,343.31901372995395,1.45,11.619600738823598,805,1.05,0.0025485059801467,31.49671039663548
18.0,342.89402341822586,1.45,11.696344459423573,805,1.0359609812506083,0.0025551687918902,30.097848235051174
18.5,343.1897730664099,1.45,11.77421242452978,805,1.05,0.0025906706807763,27.47682870790345
19.0,342.62573217015904,1.45,11.851199811025587,805,1.0491729387337516,0.0025735038309642,28.416970116674577
19.5,343.0896939653339,1.45,11.92783440539522,805,1.05,0.0025655141966613,29.262548562705547
20.0,342.7558178294425,1.45,12.004450131797263,805,1.0397890172503381,0.0025373013813416,30.022610413876464
20.5,343.1045557081635,1.45,12.08168122332444,805,1.0470934828485856,0.0025926693043298,30.705179860173928
21.0,342.8771615251219,1.45,12.158966763618546,805,1.05,0.0026045139291352,28.022597502062126
21.5,343.16289898194196,1.45,12.236596508839376,805,1.0392349012200721,0.0025847471345005,27.05376806377052
22.0,342.9259588670463,1.45,12.314108278383191,805,1.05,0.002591440029922,27.998160314839993
22.5,343.04957254072286,1.45,12.391473655646433,805,1.05,0.002595341375409,28.847611532474275
23.0,342.94837312305043,1.45,12.468971074660114,805,1.05,0.0025646756800526,29.61138071033389
23.5,343.1569446890482,1.45,12.545976727574264,805,1.05,0.0025760842001293,30.29741401411161
24.0,343.1687324458982,1.45,12.622731872392649,805,1.0478156310351998,0.0025553661818223,30.665234927053348
24.5,343.0319794228792,1.45,12.699852682404735,805,1.034162520651972,0.0025866170571902,29.431304810191136
25.0,343.0756710086723,1.45,12.77663429021637,805,1.05,0.0025485217429135,30.1159873711253
25.5,343.14623858542825,1.45,12.854045204714907,805,1.05,0.0026115022196726,30.730472373875273
26.0,343.30236286465714,1.45,12.931255715991504,805,1.05,0.0026045800105139,31.281237452553796
26.5,343.19700137014627,1.45,13.008108740310492,805,1.0428377063957472,0.0025297200567416,29.657420676120125
27.0,343.0286544125314,1.45,13.084778176124084,805,1.047983321912143,0.0025513624610598,27.625099449822983
27.5,343.1850047641637,1.45,13.161879842275392,805,1.05,0.0025571602267224,28.45170928317316
28.0,343.14071922161315,1.45,13.239994251980995,805,1.0418575970582102,0.0025548142459635,29.19499928477569
28.5,343.2335861617435,1.45,13.317167906543688,805,1.05,0.0025128126060461,28.685491667177985
29.0,343.1556349474843,1.45,13.394774943551765,805,1.05,0.0025943837421749,28.159786841732455
29.5,343.0724987416014,1.45,13.472201068892057,805,1.05,0.0025572695524895,28.91231975204363
30.0,343.29724548424275,1.45,13.549266970489922,805,1.05,0.0025841129470272,29.588427766134714
30.5,343.3632127411774,1.45,13.625783747302362,805,1.05,0.0025556656875837,30.19527722650281
31.0,343.2119269456587,1.45,13.703172404993518,805,1.05,0.0025640375274467,28.78269031921684
31.5,343.2198492359907,1.45,13.779660595510984,805,1.05,0.0025809473717511,29.45437366976762
32.0,343.0215447708251,1.45,13.85677109175771,805,1.05,0.0025792481980186,30.05725955836118
32.5,343.3382091464232,1.45,13.933796335195202,805,1.0483102905590596,0.0025445654229066,30.598029543279154
33.0,343.1165881503965,1.45,14.01115800565903,805,1.0459738675090156,0.0025776553160451,31.082685643919262
33.5,343.1903301751033,1.45,14.08837791383786,805,1.0444634498451983,0.0025384182906749,31.51647768735552
34.0,343.14274691075485,1.45,14.165225284137188,805,1.0417761723047905,0.0025514018963466,31.904343412369258
34.5,343.1844536831624,1.45,14.242421436214933,805,1.05,0.002602569968867,31.13518739214362
35.0,343.1241560426975,1.45,14.31944691259841,805,1.05,0.0025275229974192,31.548227021463276
35.5,343.0904037561862,1.45,14.396318358437586,805,1.0360172305837476,0.0025718812693956,31.91726311465726
36.0,343.1960049403716,1.45,14.473226436801957,805,1.039716911954314,0.0025942371715489,32.24642259897564
36.5,343.28268823567873,1.45,14.550097327726933,805,1.05,0.0025487758585021,30.776159275263694
37.0,343.1991048633723,1.45,14.627846597608553,805,1.04693077420136,0.0026002011793822,28.09053869666718
37.5,343.03076581481537,1.45,14.704803106447528,805,1.05,0.002570543813007,28.972231535079857
38.0,343.0958367057998,1.45,14.782051414603922,805,1.05,0.0025881112014115,29.764927941262727
38.5,343.2132718889077,1.45,14.859186635382514,805,1.05,0.0025294300008159,30.47714413733297
39.0,343.27834058837243,1.45,14.936186357977926,805,1.05,0.0025672023194942,31.116424657587004
39.5,343.16848797187833,1.45,15.013395806269475,805,1.0298698987146253,0.0026024841815538,28.394676128292986
40.0,343.2977322512286,1.45,15.090320332482088,805,1.047825489626527,0.0025623743137936,27.390410630360293
40.5,343.06502883470733,1.45,15.167416351501396,805,1.0406976094346607,0.0026622884525623,28.302741684611703
41.0,342.9957720638528,1.45,15.244802769281169,805,1.0464787158193383,0.0025533874965426,29.12318515274393
41.5,343.16560646663214,1.45,15.321674253755162,805,1.0345411350797638,0.0025603992984735,29.860709223911158
42.0,343.3379540711889,1.45,15.398256166460698,805,1.0417008246592792,0.0025841386806548,30.522996954967255
42.5,343.07512744312254,1.45,15.475399331168145,805,1.033006760179708,0.0026030407687335,30.869333778303712
43.0,343.29378079066004,1.45,15.552841867926244,805,1.0436906493458808,0.0025939736999126,29.615965675608095
43.5,343.2496401357754,1.45,15.629764132651149,805,1.05,0.0025668306235909,30.283061487454916
44.0,343.08016364751273,1.45,15.70676845222215,805,1.0358566283100799,0.0025215792531297,30.88163466960208
44.5,343.1469279683514,1.45,15.784109176622035,805,1.05,0.00259620442336,31.41800333916376
45.0,343.1356371858788,1.45,15.860937804318018,805,1.05,0.0025625588704434,29.781161240195786
45.5,343.33566417012383,1.45,15.937841539392627,805,1.05,0.0025738498839255,27.7370551982724
46.0,342.994124515027,1.45,16.01487954083702,805,1.0358692725984409,0.0025599296726764,28.55300257938933
46.5,343.20534984290697,1.45,16.09255030294127,805,1.05,0.0026338408818864,29.28664560039988
47.0,343.1871279556989,1.45,16.169750699607608,805,1.0386183274923935,0.002554265043883,28.76840976226657
47.5,343.265419865184,1.45,16.24731083655773,805,1.0417607176600017,0.0025875005871947,28.234807975384054
48.0,342.89527264941313,1.45,16.32467155708288,805,1.049788956336443,0.0025707950958252,28.98019601582365
48.5,343.05174172504616,1.45,16.40216197560728,805,1.05,0.0025879955976457,29.649839623840478
49.0,342.94892628869144,1.45,16.47874745778824,805,1.05,0.0025795661523703,30.250840335855685
49.5,343.14473700218264,1.45,16.55637684045558,805,1.05,0.0026093357006074,28.832961703869444
50.0,343.15038673591505,1.45,16.63342235787428,805,1.048994290615816,0.0025027585749095,29.499857303500903
50.5,343.27811325864803,1.45,16.71006585159284,805,1.0182628395919364,0.0025483257447175,30.09841141745318
51.0,343.2366204721852,1.45,16.787191833369697,805,1.05,0.0025814653282352,30.635262177695722
51.5,343.0609661403124,1.45,16.86432699654475,805,1.05,0.0025633496809248,31.11637231315325
52.0,343.171748948152,1.45,16.941738414001,805,1.05,0.0026035350073602,31.546956102376726
52.5,343.26401470634755,1.45,17.018560356362674,805,1.05,0.0025950798388348,31.931919121198007
53.0,343.26201784478985,1.45,17.09541911040645,805,1.05,0.0025816284521998,31.160136842988663
53.5,343.1318381266314,1.45,17.172910348646695,805,1.0348410511493853,0.0025590801576489,31.57080033413257
54.0,342.9963973439753,1.45,17.25041273325602,805,1.0460137551363151,0.0025855434318259,31.93768658802469
54.5,343.11636898838844,1.45,17.327592769138075,805,1.05,0.002581344957204,32.26490097964137
55.0,343.1256870506331,1.45,17.404843402083642,805,1.042604169137672,0.0025683610730473,30.792877810151708
55.5,342.9725823767926,1.45,17.481682919036036,805,1.0426976332721376,0.0025592772670086,28.105664990137257
56.0,342.95423614626066,1.45,17.558694394978435,805,1.05,0.0025822641598106,28.985917229171832
56.5,343.12869375558466,1.45,17.636814072269818,805,1.05,0.0026013320008399,29.777310235917355
57.0,343.1618523294003,1.45,17.714571757449775,805,1.0498755897227023,0.0025792458514397,30.488347165829964
57.5,343.09065293829303,1.45,17.791238330700246,805,1.05,0.0025099229967121,31.126560730989013
58.0,343.1233443008057,1.45,17.868470726114463,805,1.0409165907431799,0.0025382020929546,28.40384686137099
58.5,343.2050887119797,1.45,17.945844241470596,805,1.0498783328082495,0.0025867297482608,27.39870796028805
59.0,343.2504140222273,1.45,18.02301649480129,805,1.036486417282722,0.0025670993402262,28.310248792641573
59.5,343.0758090996815,1.45,18.099856906589896,805,1.05,0.0026069488967241,29.12997729810428
60.0,343.1479880471162,1.45,18.17743967285157,805,1.0455653607882844,0.0026041955926651,29.86685449828485
60.5,343.2196168746705,1.45,18.254517970920183,805,1.05,0.0025490752879625,30.528556965114888
61.0,343.39048277159844,1.45,18.33071737356665,805,1.0477124444205095,0.0025537551443902,30.874364263675375
61.5,343.29709011282324,1.45,18.40806583483518,805,1.0458164046001721,0.0025601864371222,29.62051706713487
62.0,343.1947932683272,1.45,18.48504632594877,805,1.05,0.002583341228503,30.287179413122033
62.5,343.07075895410986,1.45,18.562137316534137,805,1.0444063376385424,0.0025543342853598,30.88536041187234
63.0,343.12841544613,1.45,18.639747869783452,805,1.0449377812370424,0.0025728043139126,31.421374248836855
63.5,343.1157990440292,1.45,18.71612396639396,805,1.05,0.0025443544802119,29.784211110852368
64.0,343.08408987869086,1.45,18.79288641158944,805,1.05,0.0025394080071538,27.739814605056893
64.5,343.10831052047166,1.45,18.86996976999722,805,1.05,0.0025748903234225,28.55549918552765
65.0,343.12620641280125,1.45,18.947007764964244,805,1.05,0.0025422511381977,29.288904434525023
65.5,343.1035488384035,1.45,19.024570120079023,805,1.0453136386023223,0.0025566602709655,28.770453469332153
66.0,343.08719955488857,1.45,19.102077347427173,805,1.0419500857370236,0.0025968506692244,28.236657043681475
66.5,343.15888806615436,1.45,19.180168246595443,805,1.05,0.0026116274476166,28.9818689823785
67.0,343.1219786962633,1.45,19.257774858516317,805,1.05,0.002628005902346,29.65135326024722
67.5,343.1036776457255,1.45,19.33480735990678,805,1.05,0.0025641554274135,30.252209816414165
68.0,343.1432159217397,1.45,19.41239250299878,805,1.0497559214277143,0.0025619437676763,28.83420075770806
68.5,343.07381385588667,1.45,19.489785807131913,805,1.0404305074395663,0.0026297655425631,29.500978352212087
69.0,343.1103478441174,1.45,19.56703118422593,805,1.0463799523670416,0.0025990789640133,30.09942569962044
69.5,343.20764927302935,1.45,19.64354373664127,805,1.05,0.0025354298264281,30.636179861561345
70.0,343.19364955883634,1.45,19.72065279783141,805,1.0493696467057956,0.0025341118049576,31.11720259855548
70.5,343.14572595310705,1.45,19.798028057986645,805,1.05,0.0026157158812844,31.547707312978787
71.0,343.22848266844414,1.45,19.87582774047039,805,1.05,0.0025957593832186,31.932598787933216
71.5,343.16904814013407,1.45,19.953202872361793,805,1.05,0.0025923832664397,31.16075177955861
72.0,343.21702959441154,1.45,20.030874828245288,805,1.0406887174880923,0.0025758789008889,31.57135670531494
72.5,343.2993309256255,1.45,20.10746890799376,805,1.05,0.0025572693631834,31.938189971475424
73.0,343.05780232578917,1.45,20.184570034864333,805,1.05,0.0025992092954677,32.26535642181108
73.5,343.2766227729362,1.45,20.261537059147617,805,1.0233802608624345,0.0025567090025722,30.793289876876713
74.0,342.99159681944917,1.45,20.339121276766097,805,1.05,0.0026045860444908,28.10603781241224
74.5,343.1831521713087,1.45,20.415824733245227,805,1.05,0.0025575322181049,28.98625454456345
75.0,343.1602719086587,1.45,20.49355994454648,805,1.0411197045379983,0.0025783759840172,29.777615426033606
75.5,343.03661757944246,1.45,20.57109302338578,805,1.043195349567166,0.0025733074916433,30.488623290220858
76.0,343.3952041714078,1.45,20.647951897949017,805,1.0462684898660435,0.0025692697907097,31.126810557818885
76.5,343.0181248082453,1.45,20.725368162422328,805,1.0436959235470862,0.0025626592615615,28.404072895169463
77.0,343.0870780967466,1.45,20.802798115367057,805,1.05,0.002590818629604,27.398912467058096
77.5,343.1395836400332,1.45,20.880155995868513,805,1.05,0.002588789096,28.310433822576385
78.0,343.10641674692613,1.45,20.956825695965406,805,1.0362704692215283,0.0025440217005915,29.130144706140527
78.5,343.1190406206926,1.45,21.034112545731308,805,1.05,0.0025372472048671,29.867005962698556
79.0,343.0795260265068,1.45,21.111431258153385,805,1.041443632641157,0.0026310268275624,30.528694004346335
79.5,343.0710376898743,1.45,21.188829212433507,805,1.0485124818869171,0.0025510256868947,30.87448825155144
80.0,343.1004599018929,1.45,21.266122943343102,805,1.05,0.0025711090985708,29.620629246641784
80.5,343.05090908982055,1.45,21.343816867599028,805,1.0244579741090765,0.0025836385270578,30.287280908866364
81.0,343.4044603566473,1.45,21.420697571734795,805,1.0296636421985237,0.0025954234438281,30.885452241355267
81.5,343.0953561038832,1.45,21.497303393688092,805,1.05,0.0025636380608183,31.421457332654768
82.0,343.0645781695305,1.45,21.57407062400223,805,1.0416964545998268,0.0025451079874526,29.784286281925745
82.5,343.2675958442883,1.45,21.651588413392073,805,1.05,0.0025753188940326,27.739882616980424
83.0,343.14021218158115,1.45,21.72892386793478,805,1.046160834402648,0.0026023160051531,28.55556072012513
83.5,343.2591075376052,1.45,21.806078542320456,805,1.05,0.0025563542967681,29.28896010868465
84.0,343.24877199332724,1.45,21.883617904469578,805,1.0384248522944568,0.0026008171469149,28.770503841190873
84.5,343.2604207184829,1.45,21.960816768385193,805,1.05,0.002539612923942,28.236702618220303
85.0,343.2507516901213,1.45,22.0381933181583,805,1.0433119737105208,0.0025968855344868,28.981910216485065
85.5,343.0505150443385,1.45,22.11523334969359,805,1.0471073955177028,0.0025675204653056,29.651390567296005
86.0,343.26568682577465,1.45,22.192684807813222,805,1.0421831356469908,0.0025574099357365,30.252243570410656
86.5,343.15601163240456,1.45,22.270278659398464,805,1.0350323953442058,0.0025813120366403,28.83423129703823
87.0,343.04671960427004,1.45,22.3478646827808,805,1.0425615016726781,0.0025560493341202,29.501005983034588
87.5,343.05685376597296,1.45,22.425004215435653,805,1.0443151467836744,0.0025495732872205,30.09945069893604
88.0,343.37877925214633,1.45,22.501805689741136,805,1.05,0.0025567526096549,30.636202479989777
88.5,343.0477507187242,1.45,22.579297333301483,805,1.0293058137449924,0.0026287724411623,31.11722306284787
89.0,343.14707647880306,1.45,22.65600693279252,805,1.05,0.0025713951808675,31.547725828290936
89.5,343.03880120368956,1.45,22.73266978871649,805,1.05,0.0025602607163647,31.93261553988225
90.0,342.99895143221056,1.45,22.810351472520637,805,1.0443723910017177,0.0026068519577462,31.160766936083917
90.5,343.1624691760289,1.45,22.887794877958893,805,1.039198073202728,0.002551401373085,31.571370418361653
91.0,343.2307993147797,1.45,22.96490672108775,805,1.05,0.0025833850731523,31.9382023785177
91.5,343.23702500808713,1.45,23.04166099232141,805,1.05,0.0025616805494844,32.26536764723028
92.0,343.1600179294398,1.45,23.118940997666144,805,1.05,0.0025253130868297,30.793300033208368
92.5,343.1821116240902,1.45,23.19617490977027,805,1.0395850522627232,0.0025770901007727,28.106047001474224
93.0,343.12303392147294,1.45,23.27347036036998,805,1.05,0.0025540280013988,28.986262858476664
93.5,343.28302841877604,1.45,23.350712037166492,805,1.0471311003043675,0.00258038128043,29.777622948145563
94.0,343.2456779807589,1.45,23.428014511665047,805,1.0492849210093784,0.0025932276616129,30.488630095941232
94.5,343.1114440214441,1.45,23.50546303913559,805,1.05,0.0025570700841592,31.126816715375412
95.0,343.2656648380753,1.45,23.58201802672967,805,1.045400102934406,0.0025659265777415,28.40407846629205
95.5,343.2018077190758,1.45,23.6592704093102,805,1.05,0.0025767452376365,27.39891750759756
96.0,343.1556907608299,1.45,23.737022844145933,805,1.05,0.0025920445887349,28.31043838306448
96.5,343.0955821584667,1.45,23.81421755687907,805,1.05,0.0025810312147944,29.130148832296413
97.0,342.7679490953963,1.45,23.891427485449075,805,1.05,0.0025580085848851,29.867009695887248
97.5,342.4086401764677,1.45,23.96849384010744,805,1.05,0.0025693627325664,30.528697381993254
98.0,342.17173627832057,1.45,24.045966998253895,805,1.05,0.0025670414042321,30.8744913075177
98.5,342.0309736600774,1.45,24.123320305807972,805,1.0429643161293276,0.0025924743398016,29.620632011563657
99.0,341.6808169502042,1.45,24.200753322192607,805,1.034656092786624,0.002582256103586,30.28728341046235
99.5,341.4187888582805,1.45,24.27815628341014,805,1.05,0.0026196195238433,30.885454504704057
100.0,341.0132523400545,1.45,24.355783800358495,805,1.0450617498253338,0.0026043049495216,31.42145938044655
100.5,340.46666974231135,1.45,24.432572597606057,805,1.0480462778309578,0.0025326402291314,29.784288134689746
101.0,339.8395796543221,1.45,24.50975998984717,805,1.05,0.0026066334907506,27.739884293290743
101.5,339.48924773634843,1.45,24.58646503002927,805,1.05,0.002551428342425,28.55556223678684
102.0,338.9407717364388,1.45,24.66370075201033,805,1.0456184901729582,0.0025626308188176,29.2889614809024
102.5,338.7587221085415,1.45,24.74059693600085,805,1.0425902040726498,0.0025264843669244,28.77050508272123
103.0,338.3483797248055,1.45,24.817762215949823,805,1.0390435505960212,0.0025793998849964,28.2367037415097
103.5,337.85454667612015,1.45,24.89427253170043,805,1.05,0.0025444717162331,28.981911232794516
104.0,337.14186505065976,1.45,24.971076297268564,805,1.05,0.0025557752601491,29.651391486814077
104.5,336.68790388307576,1.45,25.04830419898338,805,1.049839990310958,0.0025655795968863,30.252244402355586
105.0,336.4009228894513,1.45,25.125088198075893,805,1.032468695022011,0.0025926959323278,28.834232049750312
105.5,336.049802191189,1.45,25.202439841288474,805,1.05,0.0025778539882341,29.501006664059787
106.0,335.7742273820007,1.45,25.279635368101093,805,1.05,0.0026090356624243,30.099451315101703
106.5,335.17821585209373,1.45,25.356881786021763,805,1.048289511477712,0.0026035888979895,30.636203037472967
107.0,334.70057035849163,1.45,25.43487136166227,805,1.0008447183986304,0.0025474979553958,31.11722356723743
107.5,334.6321483762996,1.45,25.511511465476364,805,0.6893266529391952,0.0025517845150767,31.547726284643375
108.0,334.0261866636326,1.45,25.58849722301369,805,0.1667925250388517,0.0025752322236948,31.93261595277255
108.5,333.60541755829536,1.45,25.66581831257056,805,0.0552987719021047,0.002595338012329,31.160767309651362
109.0,333.5642960363335,1.45,25.743188796724336,805,0.05,0.0025507946354053,31.571370756351257
109.5,333.18539756997876,1.45,25.82031378399248,805,0.05,0.0025774247199916,31.938202684317787
110.0,332.94023247825584,1.45,25.897280602039302,805,0.0530259537807458,0.0025429249484714,32.26536792390658
110.5,332.6289274509001,1.45,25.974788046071176,805,0.05,0.0025712470225489,30.793300283534506
111.0,332.34389428874226,1.45,26.051956239603115,805,0.05,0.0025831126932596,28.106047227959778
111.5,332.01051595258133,1.45,26.128849000037803,805,0.0646610611441802,0.0025848539549768,28.986263063392187
112.0,331.8077237619528,1.45,26.205948381926312,805,0.056460735421304704,0.002589019191001,29.77762313354532
112.5,331.49071755683786,1.45,26.28295149182634,805,0.051105616222712806,0.0025934525343412,30.488630263683888
113.0,331.270100008823,1.45,26.35994954141812,805,0.052703384834465,0.0025843292114166,31.126816867142566
113.5,330.8919199680814,1.45,26.43675854831073,805,0.0510376048737787,0.0025493231945892,28.40407860360517
114.0,330.5723683857858,1.45,26.514143066345273,805,0.05,0.0025481912788327,27.39891763183323
114.5,330.3859608969715,1.45,26.590872055153895,805,0.0511427367025745,0.002541690403068,28.31043849546819
115.0,329.74269744166344,1.45,26.668021800474527,805,0.05,0.0026056051172637,29.13014893399503
115.5,329.6448232580296,1.45,26.74519544666635,805,0.05,0.0025763535210038,29.86700978790026
116.0,329.5682004272247,1.45,26.823156376063228,805,0.0652680251819443,0.0025715079797236,30.528697465243113
116.5,329.16751221866895,1.45,26.900617627998994,805,0.0562991674651592,0.002594874702034,30.874491382838983
117.0,328.9159146337043,1.45,26.978322431590215,805,0.05,0.0025868966550555,29.62063207971147
117.5,328.88617565269544,1.45,27.05585032403124,805,0.05,0.0025754856519419,30.287283472119896
118.0,328.5737939850236,1.45,27.1327677979292,805,0.062804962499324,0.0025887528833108,30.88545456048945
118.5,328.34713928577577,1.45,27.209854088886757,805,0.05,0.0025570892698769,31.421459430919015
119.0,328.0261575397613,1.45,27.28748804238322,805,0.05,0.0025975389662063,29.784288180355304
119.5,327.6196384048027,1.45,27.364310681607098,805,0.0614786571448263,0.0025386891423497,27.73988433460721
120.0,327.72740159542076,1.45,27.425948824281576,805,0.05,0.0,28.555562274168437
120.5,327.53633556105774,1.45,27.42623199280858,805,0.055680830431381105,0.0,29.288961514723837
121.0,327.35756599531555,1.45,27.426533590536508,805,0.057929745060433704,0.0,28.770505113321576
121.5,327.41958045677535,1.45,27.426708515690393,805,0.05,0.0,28.236703769195685
122.0,327.4723209548907,1.45,27.427074527012383,805,0.05,0.0,28.981911257843706
122.5,327.4233537260582,1.45,27.42763924062996,805,0.05,0.0,29.651391509477662
123.0,327.1971226108056,1.45,27.428109903808146,805,0.05,0.0,30.25224442286077
123.5,327.3323219190736,1.45,27.428326869532153,805,0.05,0.0,28.834232068302583
124.0,327.06688308484127,1.45,27.42836356463187,805,0.0612713297308654,0.0,29.501006680845194
124.5,327.114601160512,1.45,27.428578036805845,805,0.0585222661404962,0.0,30.099451330288503
125.0,327.06103169057974,1.45,27.42875806327032,805,0.05,0.0,30.636203051213386
125.5,326.9880811262622,1.45,27.429146872526147,805,0.0505380627968212,0.0,31.117223579669258
126.0,327.01862531291124,1.45,27.42948119807367,805,0.0542500774451038,0.0,31.54772629589121
126.5,326.74872500947697,1.45,27.42978614441971,805,0.0566489540161861,0.0,31.93261596294917
127.0,326.7475244502682,1.45,27.43021049495201,805,0.052318903721900505,0.0,31.160767318858802
127.5,326.73802810771934,1.45,27.430302225327555,805,0.05,0.0,31.571370764681774
128.0,326.76661759361906,1.45,27.430640696199415,805,0.05,0.0,31.93820269185494
128.5,326.5654984471221,1.45,27.430942658791537,805,0.05,0.0,32.265367930725915
129.0,326.72379414024965,1.45,27.431160213482386,805,0.061673153158417,0.0,30.793300289704405
129.5,326.8116839750327,1.45,27.43138466062478,805,0.0586236316023344,0.0,28.106047233542085
130.0,326.70753279793547,1.45,27.4317063640444,805,0.05,0.0,28.98626306844284
130.5,326.5868941269084,1.45,27.431909649500533,805,0.051520585958655704,0.0,29.77762313811496
131.0,326.4513464053776,1.45,27.432202857917208,805,0.0635433641852748,0.0,30.48863026781828
131.5,326.30278037559265,1.45,27.43242643965053,805,0.0534286374383896,0.0,31.126816870883204
132.0,326.3844899123328,1.45,27.433258583696233,805,0.05,0.0,28.40407860698957
132.5,326.21830132811095,1.45,27.433780286840182,805,0.0572636780244454,0.0,27.398917634895327
133.0,326.24323802719067,1.45,27.434114218343694,805,0.05,0.0,28.310438498238625
133.5,326.0685230620196,1.45,27.434245539559896,805,0.0758915432216897,0.0,29.1301489365016
134.0,326.0873204056921,1.45,27.43459431705589,805,0.05,0.0,29.86700979016814
134.5,326.15744726503175,1.45,27.435042895247268,805,0.05,0.0,30.52869746729499
135.0,325.9535655973237,1.45,27.4358174248762,805,0.05,0.0,30.87449138469549
135.5,326.010874521686,1.45,27.43616436104565,805,0.061303296575810205,0.0,29.620632081391136
136.0,326.1216980305175,1.45,27.436267444981425,805,0.0568181266399512,0.0,30.287283473639604
136.5,325.89937874541874,1.45,27.436506596916477,805,0.06419506408116471,0.0,30.885454561864435
137.0,325.723233563811,1.45,27.43720938748013,805,0.0599568793231807,0.0,31.42145943216309
137.5,325.6047589104245,1.45,27.43733564515303,805,0.05,0.0,29.784288181480918
138.0,325.7746624515597,1.45,27.437575929671215,805,0.05,0.0,27.739884335625614
138.5,325.78710560340454,1.45,27.437575929671215,805,0.05,0.0,28.55556227508987
139.0,325.67330830980217,1.45,27.437985524579975,805,0.056517626125422105,0.0,29.288961515557503
139.5,325.60513121621324,1.45,27.438260814845393,805,0.05,0.0,28.77050511407583
140.0,325.7136055376549,1.45,27.43895309517668,805,0.06304791114938091,0.0,28.236703769878147
140.5,325.50689124795025,1.45,27.438974131272236,805,0.05,0.0,28.981911258461196
141.0,325.60094091021256,1.45,27.439202920634013,805,0.05,0.0,29.65139151003632
141.5,325.51830496339244,1.45,27.439576420875827,805,0.053215017132638,0.0,30.25224442336622
142.0,325.3657221529524,1.45,27.4400487582595,805,0.061652035223849704,0.0,28.834232068759945
142.5,325.14739143340944,1.45,27.440134323388055,805,0.0581750799548,0.0,29.501006681259014
143.0,325.0617318157365,1.45,27.440333072678417,805,0.058883473251421604,0.0,30.09945133066293
143.5,325.2191743496409,1.45,27.440767801618936,805,0.0563034566712629,0.0,30.636203051552172
144.0,325.0475895256138,1.45,27.441542886568737,805,0.0630367782723597,0.0,31.117223579975757
144.5,324.9688706254672,1.45,27.441551405601807,805,0.06102041598942,0.0,31.54772629616855
145.0,324.92439130561155,1.45,27.441588350431836,805,0.0632771171696957,0.0,31.932615963200135
145.5,324.88093860700627,1.45,27.441906119933844,805,0.05,0.0,31.160767319085835
146.0,325.067199521161,1.45,27.442259015290222,805,0.0568872494500462,0.0,31.571370764887206
146.5,325.0401646721609,1.45,27.4422745811856,805,0.05,0.0,31.938202692040818
147.0,324.78745964180075,1.45,27.442414180701363,805,0.05,0.0,32.26536793089406
147.5,324.95437092026833,1.45,27.44259048407134,805,0.0551462126856967,0.0,30.793300289856518
148.0,324.67892693239713,1.45,27.442737085959852,805,0.052269768113922505,0.0,28.106047233679703
148.5,324.54843639888657,1.45,27.44321868748931,805,0.05,0.0,28.986263068567325
149.0,324.6412157007162,1.45,27.443435382979747,805,0.050250973433600604,0.0,29.77762313822757
149.5,324.49140688046464,1.45,27.44357539372812,805,0.05,0.0,30.4886302679202
150.0,324.58390775125304,1.45,27.443904728547025,805,0.0550379487404899,0.0,31.126816870975404
150.5,324.5219533891158,1.45,27.444233951982017,805,0.056458381128060106,0.0,28.908443047881978
151.0,324.2615708669943,1.45,27.444529277550338,805,0.0533177960469228,0.0,27.622314692528505
151.5,324.24875152140993,1.45,27.444823483342596,805,0.05,0.0,28.67526675156347
152.0,324.55182250844547,1.45,27.444947209943766,805,0.05,0.0,29.627890652175836
152.5,324.26803149208035,1.45,27.445104819749098,805,0.05,0.0,30.485963484506158
153.0,324.2793324684818,1.45,27.445492364547697,805,0.056094380847317604,0.0,28.38196167758042
153.5,324.28209971074557,1.45,27.445784200310264,805,0.05,0.0,29.3516038545888
154.0,324.254145829647,1.45,27.44607469333168,805,0.052299797934050804,0.0,28.490813944733137
154.5,324.1829811177927,1.45,27.44633224248085,805,0.05,0.0,29.44479680880073
155.0,324.08126136231607,1.45,27.44634258406687,805,0.05,0.0,30.302021283681825
155.5,323.91065191966084,1.45,27.446577859329963,805,0.0630021967066714,0.0,27.71196028272084
156.0,324.1252905203593,1.45,27.446984657605483,805,0.0522164949003764,0.0,27.028536900265124
156.5,323.7929690274538,1.45,27.447414045606564,805,0.0510927763166843,0.0,27.407789045149855
157.0,323.72978326544217,1.45,27.44760064117705,805,0.061447963056971304,0.0,25.1415327744225
157.5,323.74252473847235,1.45,27.447824976132313,805,0.05000043407001837,0.0,26.38144393038334
158.0,323.83544426320503,1.45,27.448261769179727,805,0.05,0.0,27.500172936441345
158.5,323.51505529652337,1.45,27.44849712039296,805,0.0613055011877821,0.0,25.252526532214404
159.0,323.8225033609126,1.45,27.448907209306267,805,0.0502618821614234,0.0,26.472631307615817
159.5,323.6680568387982,1.45,27.44903450949789,805,0.0566556395242615,0.0,24.654929282695548
160.0,323.73991503412935,1.45,27.4492989495187,805,0.05,0.0,25.92851100110039
160.5,323.6777170502791,1.45,27.44956992850909,805,0.0632870671965499,0.0,23.747997993840727
161.0,323.48795502264403,1.45,27.450013792740016,805,0.05,0.0,25.096622890514595
161.5,323.63982325696674,1.45,27.450216858419054,805,0.056107332187019,0.0,23.504875229129254
162.0,323.2997809381801,1.45,27.45055957596559,805,0.05,0.0,24.86407804027067
162.5,323.48913583971574,1.45,27.45059884484797,805,0.05,0.0,26.090114397009472
163.0,323.33786706617104,1.45,27.451044393737995,805,0.05,0.0,27.19617814528476
163.5,323.404627706146,1.45,27.451044393737995,805,0.05,0.0,28.192335340263412
164.0,323.25799825975844,1.45,27.451323826709345,805,0.05,0.0,29.090899218794338
164.5,323.13938501686255,1.45,27.451352128387494,805,0.05,0.0,29.9000214486706
165.0,323.35109775688824,1.45,27.45172370128541,805,0.0612758944514499,0.0,27.4095653167023
165.5,323.25063221032036,1.45,27.4518762074171,805,0.05,0.0,28.36887323501827
166.0,323.04277377471504,1.45,27.45211872710519,805,0.0615534566117207,0.0,25.99682364998569
166.5,323.02245075186397,1.45,27.452697668592513,805,0.050634055863443606,0.0,26.884848734365335
167.0,322.8633477121056,1.45,27.453245990896693,805,0.05,0.0,27.876979054557353
167.5,322.9338613234187,1.45,27.45382200275121,805,0.05,0.0,28.771006738357983
168.0,322.9226978760666,1.45,27.45387705293561,805,0.05,0.0,29.579835551177894
168.5,322.69492332116425,1.45,27.45426714016309,805,0.05,0.0,30.306646512680857
169.0,322.73822234795165,1.45,27.455060161286458,805,0.052458531098278305,0.0,29.229076319408932
169.5,322.822296625628,1.45,27.45517334719,805,0.05,0.0,29.98037910889252
170.0,322.8225544469856,1.45,27.455708787583035,805,0.05,0.0,30.658514705750065
170.5,322.6971575104395,1.45,27.455813586190395,805,0.0594979205508368,0.0,28.163616525018256
171.0,322.7926614053527,1.45,27.455813586190395,805,0.05,0.0,29.008237136187176
171.5,322.8053534953873,1.45,27.455813586190395,805,0.061167166266760706,0.0,26.55962406944076
172.0,322.6591051885004,1.45,27.456103844635308,805,0.052349014656603604,0.0,25.91338971636361
172.5,322.614654524421,1.45,27.456283020678537,805,0.0605906653253774,0.0,23.825904781277245
173.0,322.54550921605755,1.45,27.45685215635811,805,0.0509942937720748,0.0,24.513712428252347
173.5,322.65387969252,1.45,27.457632259954263,805,0.05,0.0,25.68552565426461
174.0,322.51131279530557,1.45,27.458147863298073,805,0.05,0.0,26.74563541537691
174.5,322.3685587462897,1.45,27.45857619715604,805,0.053345353280407,0.0,25.535691552688945
175.0,322.4033950879556,1.45,27.45878594703123,805,0.051371019049091006,0.0,25.63824703966185
175.5,322.1802888849883,1.45,27.458899232486917,805,0.056143064562765604,0.0,23.949648548558457
176.0,322.26630572158217,1.45,27.45893213979552,805,0.05,0.0,25.152973921903023
176.5,322.1009838310749,1.45,27.459128675697677,805,0.05,0.0,26.238375288624013
177.0,322.00670225514335,1.45,27.459284060716072,805,0.0549625496195419,0.0,24.676018262207208
177.5,322.20900462529596,1.45,27.459593504078196,805,0.0511693502087801,0.0,25.10834409478264
178.0,321.8464472577924,1.45,27.460075591096754,805,0.05,0.0,26.18522900569394
178.5,322.0491721503825,1.45,27.460340873215237,805,0.05,0.0,27.15779450541197
179.0,322.09502541800595,1.45,27.46066722607041,805,0.0680990633000739,0.0,24.690503505431423
179.5,322.03963840404316,1.45,27.46099890482336,805,0.05,0.0,25.79607866451414
180.0,321.9705976754624,1.45,27.461643781122596,805,0.0755131031662073,0.0,23.36909680394598
180.5,321.91011393373975,1.45,27.461853755937753,805,0.05,0.0,24.595001884758403
181.0,321.8419609007441,1.45,27.462210283431965,805,0.05,0.0,25.702889584987247
181.5,321.6743600045835,1.45,27.462307744327592,805,0.05954222550243041,0.0,23.681027195560603
182.0,321.9079857901218,1.45,27.46290359623002,805,0.05,0.0,24.868416724173244
182.5,321.5942700534971,1.45,27.463377013880255,805,0.05,0.0,25.942604156701464
183.0,321.9121735494453,1.45,27.46350950858552,805,0.05,0.0,26.909143291735575
183.5,321.6462766989879,1.45,27.464290985681092,805,0.054076785233945705,0.0,25.486530277092186
184.0,321.56890971104167,1.45,27.464420021599743,805,0.050519022917180405,0.0,26.400115635852217
184.5,321.74832713840954,1.45,27.46509620108803,805,0.0553722804087558,0.0,24.72836486799605
185.0,321.6703671714889,1.45,27.46541530900822,805,0.05,0.0,25.79452613946148
185.5,321.52702475300356,1.45,27.46558806570212,805,0.0505206864581516,0.0,26.66599174678521
186.0,321.4190217657059,1.45,27.465709792342345,805,0.05,0.0,27.53835996349966
186.5,321.39801134324597,1.45,27.466507358212315,805,0.05,0.0,28.322841244938104
187.0,321.18819762770795,1.45,27.466576039938168,805,0.0571196218474531,0.0,26.242982036211743
187.5,321.58019265763136,1.45,27.46684642523409,805,0.05,0.0,27.145996059886613
188.0,321.2329885703914,1.45,27.467149123142857,805,0.05,0.0,27.95799771609012
188.5,321.1592562881686,1.45,27.467462413678337,805,0.05,0.0,28.68936675652077
189.0,321.29679916903433,1.45,27.467679705752353,805,0.05,0.0,29.34606029565242
189.5,321.3909236545071,1.45,27.467744129724498,805,0.05,0.0,29.939322835561825
190.0,321.150014645659,1.45,27.467978751672803,805,0.05,0.0,30.47199153386407
190.5,321.1353530954843,1.45,27.46833041075878,805,0.05,0.0,30.951442188951376
191.0,321.31886105466754,1.45,27.468589632723702,805,0.051019889706916205,0.0,30.78811254711775
191.5,321.05385501214766,1.45,27.468712083515182,805,0.0681071064215128,0.0,27.9817385643089
192.0,320.8953479115438,1.45,27.469095212124728,805,0.0545256287490784,0.0,26.2997568949163
192.5,321.0237761889439,1.45,27.46912239075103,805,0.055501530626155704,0.0,24.63252539178592
193.0,320.9536219959539,1.45,27.46947846445843,805,0.059091519708354606,0.0,22.72338990224995
193.5,320.7016329514714,1.45,27.469888331650793,805,0.0680008141999792,0.0,20.685899488189932
194.0,320.91411239216836,1.45,27.47008868779851,805,0.05,0.0,22.05861362974656
194.5,320.7240951067207,1.45,27.47065987589964,805,0.0534371395140022,0.0,21.243969128238746
195.0,320.66227264192815,1.45,27.470855459822985,805,0.055832804647145906,0.0,19.998607488435084
195.5,320.6554180787714,1.45,27.47098951388529,805,0.05,0.0,21.425662710651466
196.0,320.6056937729476,1.45,27.47144423116547,805,0.057628811213144705,0.0,19.917825265616894
196.5,320.6887760788123,1.45,27.471592924005243,805,0.05,0.0,21.347483027149963
197.0,320.46599505211566,1.45,27.47186724170554,805,0.05,0.0,22.637523140091673
197.5,320.4863684536537,1.45,27.472061187292898,805,0.050892230381572603,0.0,23.38752364837893
198.0,320.37068191622575,1.45,27.472358644416293,805,0.051459530705797,0.0,23.50216394092439
198.5,320.5130831061811,1.45,27.47284518355626,805,0.05,0.0,24.5747400763708
199.0,320.4212485738079,1.45,27.47284518355626,805,0.05,0.0,25.542030695984863
199.5,320.3398373514389,1.45,27.47308107940498,805,0.05,0.0,26.41715414436385
200.0,320.3903297465564,1.45,27.47308107940498,805,0.0507470561783556,0.0,26.931802757665707
200.5,320.30514577435844,1.45,27.47315087313393,805,0.05,0.0,27.67006130642602
201.0,320.26873560355176,1.45,27.473991457737664,805,0.0706676779095278,0.0,25.100182774310326
201.5,320.2109323129752,1.45,27.47475816240886,805,0.053713558269852905,0.0,23.90011055974594
202.0,320.04315237014197,1.45,27.474911970966847,805,0.05,0.0,24.91144598613289
202.5,320.19794056368073,1.45,27.475331666915647,805,0.0684560922916842,0.0,22.648651590908287
203.0,319.9336486877977,1.45,27.475563841103178,805,0.050374358240439,0.0,23.74883006615778
203.5,319.8911701624794,1.45,27.475696784484793,805,0.05,0.0,24.7605417665377
204.0,320.0647074501228,1.45,27.475823860281142,805,0.0590030171834167,0.0,22.828926133083822
204.5,320.0296114670509,1.45,27.4761624340591,805,0.05,0.0,23.920221851054976
205.0,319.8977683149674,1.45,27.476793888008423,805,0.0659170340995126,0.0,21.807707973829395
205.5,319.82191670645364,1.45,27.47707588992595,805,0.05,0.0,22.984514904427556
206.0,319.85062330800406,1.45,27.47762142136311,805,0.05,0.0,24.046611945987365
206.5,319.61054885616613,1.45,27.47763146637715,805,0.05,0.0,25.003413021863253
207.0,319.86545217247516,1.45,27.477718265491333,805,0.055331985689846305,0.0,23.41632266446072
207.5,319.69181532121945,1.45,27.478379694388774,805,0.0585906804654142,0.0,21.629288696306105
208.0,319.72002633088005,1.45,27.478730331183137,805,0.05,0.0,22.804806431090128
208.5,319.67512434491135,1.45,27.478862021671,805,0.0521892131740524,0.0,22.451524853033614
209.0,319.56081555715065,1.45,27.479193898411452,805,0.05,0.0,23.545065520305457
209.5,319.58683615764375,1.45,27.479501348069665,805,0.052574569549484404,0.0,22.858574638325425
210.0,319.49504079346195,1.45,27.479707013079516,805,0.05,0.0,23.90548324960099
210.5,319.54057154792036,1.45,27.479874603020654,805,0.0513925789731203,0.0,23.967507352119128
211.0,319.35966250090013,1.45,27.48032283319696,805,0.06564463158845571,0.0,21.845474878869027
211.5,319.4618927600723,1.45,27.480942332126155,805,0.051553695608086605,0.0,21.933778868745097
212.0,319.35793631294916,1.45,27.4809675658492,805,0.0574826614325549,0.0,20.378404926598535
212.5,319.37121177967117,1.45,27.481272937541817,805,0.05,0.0,21.63522944875433
213.0,319.2342008908105,1.45,27.48161290164298,805,0.06355897221339721,0.0,19.78350766907693
213.5,319.16786376041114,1.45,27.48197986007616,805,0.05,0.0,21.09161967416651
214.0,319.25944664650655,1.45,27.48234921768716,805,0.05,0.0,22.270046010306203
214.5,319.3036463735307,1.45,27.48285436582023,805,0.0506149341158923,0.0,23.183235307086647
215.0,318.9910966263647,1.45,27.483263380850712,805,0.0559240519538486,0.0,21.69398862288938
215.5,318.94666475637797,1.45,27.483314779409504,805,0.0559201001966043,0.0,20.31603282389324
216.0,318.8987174619622,1.45,27.483802693372603,805,0.05,0.0,21.550268931893356
216.5,318.8623831928992,1.45,27.48418814540983,805,0.05,0.0,22.663711022787993
217.0,318.9782731589725,1.45,27.48453672388002,805,0.05,0.0,23.66814532465628
217.5,318.7551623406225,1.45,27.484746071869345,805,0.0585713914561043,0.0,21.86726475422364
218.0,318.781676576927,1.45,27.48506751278407,805,0.05,0.0,22.9412099856047
218.5,318.8355618596191,1.45,27.485481444399944,805,0.05,0.0,23.91256848922211
219.0,318.741108779599,1.45,27.485736957161244,805,0.0573917082755783,0.0,22.18148673702308
219.5,318.6482926992058,1.45,27.486103676319516,805,0.05,0.0,23.21834373066008
220.0,318.75489552218835,1.45,27.486784705511493,805,0.05,0.0,24.154888597322326
220.5,318.62182518103066,1.45,27.486884438348852,805,0.052493044234522106,0.0,23.407128412882173
221.0,318.7220617908654,1.45,27.48700409704823,805,0.0541506707803781,0.0,22.15957088518587
221.5,318.48180029249437,1.45,27.487430699459832,805,0.0628021231882209,0.0,20.271122639404098
222.0,318.45752773811665,1.45,27.48775023578239,805,0.064880366014757,0.0,18.51585526669345
222.5,318.36374744326105,1.45,27.48775023578239,805,0.05,0.0,19.87757198269958
223.0,318.54179040293695,1.45,27.4883516000634,805,0.052986498318145704,0.0,19.281799782612893
223.5,318.4855347477847,1.45,27.48862696209359,805,0.05,0.0,20.562906548079862
224.0,318.4258869566262,1.45,27.489436118318498,805,0.0539097622814886,0.0,19.64518275746724
224.5,318.51132440806776,1.45,27.4897113164676,805,0.0620582727809642,0.0,18.036466549287127
225.0,318.1708141804838,1.45,27.4897113164676,805,0.0516455486639074,0.0,18.348686756466748
225.5,318.223413892874,1.45,27.4900484222766,805,0.05,0.0,19.701878299653288
226.0,318.13092890583516,1.45,27.49007817085259,805,0.05,0.0,20.92456588646627
226.5,318.16646644811954,1.45,27.49019838274057,805,0.05,0.0,22.02660347610498
227.0,318.3465728042454,1.45,27.49036117313155,805,0.0566097005619471,0.0,20.505521199383168
227.5,318.02365737764876,1.45,27.490648579223716,805,0.050180572530084705,0.0,21.64199629588819
228.0,318.1092337193229,1.45,27.4913067119847,805,0.052506223462531205,0.0,21.144265857068778
228.5,317.99642242707876,1.45,27.49162232699013,805,0.050747595763791,0.0,21.949491373030355
229.0,317.8072687354096,1.45,27.49209429816514,805,0.0794231705326714,0.0,19.82535879224241
229.5,318.0003335959208,1.45,27.49221509360701,805,0.054940288419169904,0.0,18.783582157828107
230.0,317.8192392606342,1.45,27.492557510821975,805,0.0577666353654966,0.0,17.485661043983725
230.5,317.78416676537404,1.45,27.493038372158345,805,0.05,0.0,18.883780778044866
231.0,317.81503306135284,1.45,27.493324426825986,805,0.0705181952365886,0.0,17.13953245597571
231.5,317.7334973772257,1.45,27.49363744470128,805,0.051310396260886,0.0,17.767524109384222
232.0,317.81351566074915,1.45,27.493923445623626,805,0.05,0.0,19.128284122223704
232.5,317.47629460339266,1.45,27.49424903771717,805,0.051835396964376106,0.0,19.147734718324557
233.0,317.6247414975888,1.45,27.49453912954236,805,0.05,0.0,20.36959604622308
233.5,317.5981058420611,1.45,27.4949834781879,805,0.05,0.0,21.471386439140986
234.0,317.5116534775713,1.45,27.495534843493655,805,0.05,0.0,22.465315379553772
234.5,317.51585723943396,1.45,27.495604472415167,805,0.0545655101061313,0.0,21.197137854971515
235.0,317.6163916003341,1.45,27.496140294393076,805,0.0550257048970525,0.0,19.94752250085747
235.5,317.40154060207936,1.45,27.49682273091505,805,0.051193035113732105,0.0,20.40609294862071
236.0,317.4083868452099,1.45,27.49716665996681,805,0.05,0.0,21.488571608394523
236.5,317.4258698658118,1.45,27.497257988247014,805,0.05,0.0,22.46729291309651
237.0,317.37163775008406,1.45,27.49755319592807,805,0.05,0.0,23.34814493415513
237.5,317.3371412450894,1.45,27.497755476538888,805,0.053100314606003306,0.0,22.366020568709132
238.0,317.5085875221456,1.45,27.49794960376058,805,0.05,0.0,23.250544708199243
238.5,317.2928711188551,1.45,27.4981283662748,805,0.0502760668128953,0.0,24.043838764227132
239.0,317.0348376334121,1.45,27.4981569559557,805,0.05,0.0,24.76502664020404
239.5,317.14443943724314,1.45,27.49838808162387,805,0.052175063670116005,0.0,24.08427805435116
240.0,317.10394533202987,1.45,27.49865149324239,805,0.05,0.0,24.794850945871417
240.5,317.27180983997374,1.45,27.498767075711537,805,0.0539495990172451,0.0,23.388624457367996
241.0,317.04190194921773,1.45,27.49934923514464,805,0.05,0.0,24.159243181535945
241.5,317.12329616279624,1.45,27.499915087244805,805,0.05,0.0,24.85519047169788
242.0,316.98040716231753,1.45,27.499948328342224,805,0.057312714166352405,0.0,22.985466643652273
242.5,316.80541588800185,1.45,27.50037669499373,805,0.0543380278236823,0.0,21.72212380405523
243.0,316.9832587284469,1.45,27.500552942353135,805,0.05,0.0,22.637984316355244
243.5,316.66476199012834,1.45,27.50090705428269,805,0.0551535766105588,0.0,21.199345048848045
244.0,316.9287639962426,1.45,27.501522262258217,805,0.05,0.0,22.156670157761255
244.5,316.83087521387256,1.45,27.501522262258217,805,0.058973274766027706,0.0,20.42310135014702
245.0,316.8879316449717,1.45,27.50159954989449,805,0.0544250246832035,0.0,19.365978523030662
245.5,316.78073396166803,1.45,27.50176183482764,805,0.05,0.0,20.48713190181246
246.0,316.83984851197584,1.45,27.50212716286835,805,0.0598269143005279,0.0,18.85854054726923
246.5,316.59736079765077,1.45,27.50219922793853,805,0.05,0.0,20.02343785164686
247.0,316.65527698550125,1.45,27.502351147729243,805,0.0548508259439699,0.0,18.90878532996476
247.5,316.6344764115156,1.45,27.50265445962718,805,0.05,0.0,20.06034598073296
248.0,316.6360131223278,1.45,27.50273661728292,805,0.060562608617372504,0.0,18.44825970672747
248.5,316.56197148415015,1.45,27.50280183381096,805,0.05,0.0,19.637307729902716
249.0,316.67368194538983,1.45,27.50343900553605,805,0.05,0.0,20.71306064908589
249.5,316.44315729325285,1.45,27.503471151017596,805,0.0523169968992881,0.0,20.286335063242063
250.0,316.5604739758843,1.45,27.503635337072765,805,0.05,0.0,21.29374131453096
250.5,316.5216765949499,1.45,27.503920296909943,805,0.054190191135205505,0.0,20.212347802423892
251.0,316.4873328026886,1.45,27.503942907673192,805,0.0593292636178432,0.0,18.63649221060632
251.5,316.306918216694,1.45,27.503943951337156,805,0.0560283659511641,0.0,17.462178583004572
252.0,316.35580961684155,1.45,27.504224909332745,805,0.0596181779233919,0.0,16.101174507091116
252.5,316.30091119454016,1.45,27.504497724967077,805,0.055191575036438206,0.0,15.296237764787804
253.0,316.18716736034975,1.45,27.50479192442768,805,0.05,0.0,16.757465494416294
253.5,316.2782952094554,1.45,27.50483960722191,805,0.05,0.0,18.075618649753096
254.0,316.2553521620467,1.45,27.504954100003246,805,0.05,0.0,19.26658201927876
254.5,316.02448378859276,1.45,27.50584398982988,805,0.0660950780100921,0.0,17.548425098708265
255.0,316.22015573753714,1.45,27.506155486029996,805,0.0728880694809522,0.0,15.889776354294327
255.5,315.9676410492325,1.45,27.50640522901147,805,0.05,0.0,17.279249782549357
256.0,315.94202959300594,1.45,27.506770475322508,805,0.05,0.0,18.534944960942823
256.5,315.88882027747366,1.45,27.507048356952165,805,0.05,0.0,19.669514438015145
257.0,316.1082400469557,1.45,27.50722959818628,805,0.05,0.0,20.693481582512103
257.5,316.0731763587165,1.45,27.50788615203126,805,0.05,0.0,21.61822619485997
258.0,315.99578362426627,1.45,27.507977632474773,805,0.05,0.0,22.45097931735546
258.5,315.8505928538716,1.45,27.50853855124642,805,0.0577675806670248,0.0,20.73362957330579
259.0,315.86773845126424,1.45,27.508900899808076,805,0.05,0.0,21.642060053031912
259.5,315.8010212465124,1.45,27.50969157067155,805,0.07523206110051381,0.0,19.568120853038693
260.0,315.87155187712335,1.45,27.509786272099177,805,0.052695183768263404,0.0,19.022919505982543
260.5,315.85920351786643,1.45,27.510027444938792,805,0.05,0.0,20.083009241012576
261.0,315.7954573052291,1.45,27.510262610543165,805,0.05,0.0,21.03669543091939
261.5,315.69356678334105,1.45,27.510465572533334,805,0.05,0.0,21.89639015708707
262.0,315.74311410704985,1.45,27.51069211636909,805,0.0607577554587123,0.0,20.053827922430855
262.5,315.66473134530565,1.45,27.51069211636909,805,0.05,0.0,21.00289320946382
263.0,315.43563099247405,1.45,27.511156381737884,805,0.06592996008883201,0.0,19.10345906683648
263.5,315.6066486089803,1.45,27.511886522116043,805,0.05,0.0,20.13521996361544
264.0,315.6006908796539,1.45,27.512167821194904,805,0.05,0.0,21.068675255670485
264.5,315.3670359391419,1.45,27.51270837964249,805,0.05,0.0,21.90885936420807
265.0,315.54016385295796,1.45,27.51319492504135,805,0.0571783754477636,0.0,20.30882290559913
265.5,315.36958032338805,1.45,27.51374982268093,805,0.0540127738389825,0.0,19.257712909691804
266.0,315.448001169394,1.45,27.514289318268013,805,0.0640936980485553,0.0,17.5815975381218
266.5,315.5090982810395,1.45,27.514657845213044,805,0.05,0.0,18.738017738412168
267.0,315.2462345189656,1.45,27.514881471978423,805,0.0539961800927305,0.0,17.88609272218622
267.5,315.242769807894,1.45,27.51531038675098,805,0.07703209393611771,0.0,16.148887766223368
268.0,315.16722870676057,1.45,27.515840208335895,805,0.0563365287192722,0.0,15.172855530401762
268.5,315.1484887281727,1.45,27.515909922111756,805,0.055103999944792904,0.0,14.429813338365818
269.0,315.10689885778544,1.45,27.51667220587498,805,0.053505061503730904,0.0,14.138559969151231
269.5,315.0213289906357,1.45,27.51680611818471,805,0.05,0.0,15.60135019813714
270.0,315.0060070770159,1.45,27.516974952851353,805,0.05,0.0,16.92178332768333
270.5,315.08950646574294,1.45,27.516983738688445,805,0.061109260635179505,0.0,15.538274477754442
271.0,315.245789998281,1.45,27.51747711296629,805,0.0566748018604711,0.0,14.594836742628331
271.5,315.15573514144205,1.45,27.518363403034375,805,0.05,0.0,16.001050413069493
272.0,314.94011655174626,1.45,27.51847919554726,805,0.05,0.0,17.26916682114836
272.5,314.8740916204313,1.45,27.518745760870743,805,0.05,0.0,18.415084243617855
273.0,314.7672844946957,1.45,27.518745760870743,805,0.05,0.0,19.446934470399356
273.5,314.7504405906866,1.45,27.518813144222243,805,0.05,0.0,20.377465971447577
274.0,314.74472865083004,1.45,27.51891262762326,805,0.05,0.0,21.21639656997195
274.5,314.659868500719,1.45,27.51926809430248,805,0.05,0.0,21.97231174371484
275.0,314.73420774640124,1.45,27.519729153089663,805,0.0541824192281474,0.0,20.73239358687499
275.5,314.72960262889893,1.45,27.51992026749568,805,0.0640207084363693,0.0,18.895393726134955
276.0,314.5922714913116,1.45,27.520399286690765,805,0.054063167124838,0.0,17.989117361996477
276.5,314.697551624875,1.45,27.52072073777761,805,0.05,0.0,19.034535121653334
277.0,314.47264543737674,1.45,27.52100896839571,805,0.05,0.0,19.975999621397648
277.5,314.4455816021378,1.45,27.521066673320497,805,0.053560148660346404,0.0,19.04889549277908
278.0,314.5094725581289,1.45,27.52156202521573,805,0.05,0.0,19.983766927024817
278.5,314.5159490137667,1.45,27.522094860309373,805,0.0548009790180173,0.0,18.823976633784184
279.0,314.5326981718293,1.45,27.522632110131106,805,0.0752256515069025,0.0,17.009907064720437
279.5,314.6227888790947,1.45,27.522746700234062,805,0.05,0.0,18.129779470342157
280.0,314.39934576544596,1.45,27.523285799073214,805,0.05,0.0,19.140333530136218
280.5,314.28036823788415,1.45,27.523497378833884,805,0.0555169963503836,0.0,17.911478878136226
281.0,314.3851150026587,1.45,27.523671497379617,805,0.052345155398257605,0.0,17.614454764330276
281.5,314.2598688266733,1.45,27.524150862427124,805,0.05,0.0,18.666767584963395
282.0,314.3379797014699,1.45,27.52437134202888,805,0.05,0.0,19.61636165169415
282.5,314.2074769974459,1.45,27.52445101825833,805,0.05,0.0,20.471709206693788
283.0,314.2654975326009,1.45,27.52445101825833,805,0.05,0.0,21.24261170251458
283.5,314.08791057143543,1.45,27.525248830814068,805,0.05,0.0,21.93876955876783
284.0,314.26330420037135,1.45,27.525351609278353,805,0.05,0.0,22.56857928270375
284.5,314.16849450148055,1.45,27.52581475356545,805,0.05,0.0,23.13699063599728
285.0,314.1414859431945,1.45,27.525864153310273,805,0.05,0.0,23.648608633370543
285.5,314.0519111140171,1.45,27.525873234794165,805,0.05,0.0,24.10901600131257
286.0,313.85602624527337,1.45,27.526082934388818,805,0.05,0.0,24.52151716004744
286.5,313.9732196913902,1.45,27.5260833436917,805,0.05,0.0,24.89328614947584
287.0,314.10431606215224,1.45,27.52672574263737,805,0.05,0.0,25.228218923627253
287.5,314.1426376501506,1.45,27.52729629898276,805,0.051640502194782605,0.0,24.64439023942839
288.0,313.98891046520407,1.45,27.5273906742647,805,0.05,0.0,24.995101078469247
288.5,313.88053458807764,1.45,27.527534161504693,805,0.05,0.0,25.30952040242772
289.0,313.8315590749624,1.45,27.52783716987306,805,0.051302684171880705,0.0,24.9207553352673
289.5,313.954844633938,1.45,27.52817027380845,805,0.05,0.0,25.236461815661528
290.0,313.86861605836947,1.45,27.52861729776443,805,0.0721899758262831,0.0,22.83305959585772
290.5,313.69291319360525,1.45,27.52868871445388,805,0.05,0.0,23.340342087984368
291.0,313.53966304406504,1.45,27.52888908075781,805,0.0659693616362071,0.0,21.212904606928987
291.5,313.74990128239574,1.45,27.52954204489444,805,0.05,0.0,21.8689079597857
292.0,313.7678471254938,1.45,27.53007531473574,805,0.05,0.0,22.459308997431208
292.5,313.8600952333259,1.45,27.530809461103185,805,0.053249167526188405,0.0,21.35712585517149
293.0,313.5422617465489,1.45,27.530994215845197,805,0.060839052138953006,0.0,19.544777080382342
293.5,313.60490966857617,1.45,27.53148793942758,805,0.0594578450521592,0.0,17.958334085472075
294.0,313.6245862564573,1.45,27.53172701080838,805,0.0572341912772773,0.0,16.654334029045515
294.5,313.4023318543333,1.45,27.531941993108248,805,0.054531877695660105,0.0,15.842816062872487
295.0,313.5009580544471,1.45,27.531949399618014,805,0.06028273053920501,0.0,14.58972305370952
295.5,313.41633491561987,1.45,27.532460826467172,805,0.05002198438628021,0.0,15.845311962252481
296.0,313.42206463389533,1.45,27.53269521386877,805,0.0644582212814353,0.0,14.451315972108887
296.5,313.4127618939906,1.45,27.532717656150687,805,0.05,0.0,15.713150606549338
297.0,313.40048036535524,1.45,27.532949716245273,805,0.05,0.0,16.85079853081163
297.5,313.2368583127581,1.45,27.5330817014166,805,0.053180694919438304,0.0,16.275471724396937
298.0,313.20393948379456,1.45,27.53371159628941,805,0.05,0.0,17.35292919260263
298.5,313.3086024561748,1.45,27.534207909125076,805,0.05,0.0,18.324716477082006
299.0,313.1352240002253,1.45,27.534562428635347,805,0.05,0.0,19.203899018793095
299.5,313.0741831453097,1.45,27.534923571573803,805,0.05,0.0,19.996562823974383
300.0,312.892588975407,1.45,27.535573278218084,805,0.05,0.0,20.7109205074384
